<?xml version="1.0" encoding="utf-8" standalone="yes"?>
<rss version="2.0" xmlns:atom="http://www.w3.org/2005/Atom">
  <channel>
    <title>FD.io CSIT Testbed Configuration on CSIT-DOCS</title>
    <link>https://csit.fd.io/cdocs/infrastructure/testbed_configuration/</link>
    <description>Recent content in FD.io CSIT Testbed Configuration on CSIT-DOCS</description>
    <generator>Hugo -- gohugo.io</generator>
    <language>en-us</language><atom:link href="https://csit.fd.io/cdocs/infrastructure/testbed_configuration/index.xml" rel="self" type="application/rss+xml" />
    <item>
      <title>GigaByte ThunderX2</title>
      <link>https://csit.fd.io/cdocs/infrastructure/testbed_configuration/gigabyte_tx2_hw_bios_cfg/</link>
      <pubDate>Mon, 01 Jan 0001 00:00:00 +0000</pubDate>
      
      <guid>https://csit.fd.io/cdocs/infrastructure/testbed_configuration/gigabyte_tx2_hw_bios_cfg/</guid>
      <description> GigaByte ThunderX2 # Linux cmdline # BOOT_IMAGE=/boot/vmlinuz-5.4.0-65-generic root=UUID=7d1d0e77-4df0-43df-9619-a99db29ffb83 ro audit=0 intel_iommu=on isolcpus=1-27,29-55 nmi_watchdog=0 nohz_full=1-27,29-55 nosoftlockup processor.max_cstate=1 rcu_nocbs=1-27,29-55 console=ttyAMA0,115200n8 quiet </description>
    </item>
    
    <item>
      <title>Huawei Taishan</title>
      <link>https://csit.fd.io/cdocs/infrastructure/testbed_configuration/huawei_tsh_hw_bios_cfg/</link>
      <pubDate>Mon, 01 Jan 0001 00:00:00 +0000</pubDate>
      
      <guid>https://csit.fd.io/cdocs/infrastructure/testbed_configuration/huawei_tsh_hw_bios_cfg/</guid>
      <description> Huawei Taishan # Linux cmdline # BOOT_IMAGE=/boot/vmlinuz-5.4.0-65-generic root=UUID=7d1d0e77-4df0-43df-9619-a99db29ffb83 ro audit=0 intel_iommu=on isolcpus=1-27,29-55 nmi_watchdog=0 nohz_full=1-27,29-55 nosoftlockup processor.max_cstate=1 rcu_nocbs=1-27,29-55 console=ttyAMA0,115200n8 quiet </description>
    </item>
    
    <item>
      <title>MegaRac Altra</title>
      <link>https://csit.fd.io/cdocs/infrastructure/testbed_configuration/ami_alt_hw_bios_cfg/</link>
      <pubDate>Mon, 01 Jan 0001 00:00:00 +0000</pubDate>
      
      <guid>https://csit.fd.io/cdocs/infrastructure/testbed_configuration/ami_alt_hw_bios_cfg/</guid>
      <description> MegaRac Altra # Linux cmdline # BOOT_IMAGE=/boot/vmlinuz-5.15.0-46-generic root=UUID=7d1d0e77-4df0-43df-9619-a99db29ffb83 ro audit=0 default_hugepagesz=2M hugepagesz=1G hugepages=32 hugepagesz=2M hugepages=32768 iommu.passthrough=1 isolcpus=1-10,29-38 nmi_watchdog=0 nohz_full=1-10,29-38 nosoftlockup processor.max_cstate=1 rcu_nocbs=1-10,29-38 console=ttyAMA0,115200n8 quiet </description>
    </item>
    
    <item>
      <title>SuperMicro Cascadelake</title>
      <link>https://csit.fd.io/cdocs/infrastructure/testbed_configuration/sm_clx_hw_bios_cfg/</link>
      <pubDate>Mon, 01 Jan 0001 00:00:00 +0000</pubDate>
      
      <guid>https://csit.fd.io/cdocs/infrastructure/testbed_configuration/sm_clx_hw_bios_cfg/</guid>
      <description>SuperMicro Cascadelake # Linux lscpu # Architecture: x86_64 CPU op-mode(s): 32-bit, 64-bit Byte Order: Little Endian CPU(s): 112 On-line CPU(s) list: 0-111 Thread(s) per core: 2 Core(s) per socket: 28 Socket(s): 2 NUMA node(s): 2 Vendor ID: GenuineIntel CPU family: 6 Model: 85 Model name: Intel(R) Xeon(R) Platinum 8280 CPU @ 2.70GHz Stepping: 7 CPU MHz: 3299.609 BogoMIPS: 5400.00 Virtualization: VT-x L1d cache: 32K L1i cache: 32K L2 cache: 1024K L3 cache: 39424K NUMA node0 CPU(s): 0-27,56-83 NUMA node1 CPU(s): 28-55,84-111 Flags: fpu vme de pse tsc msr pae mce cx8 apic sep mtrr pge mca cmov pat pse36 clflush dts acpi mmx fxsr sse sse2 ss ht tm pbe syscall nx pdpe1gb rdtscp lm constant_tsc art arch_perfmon pebs bts rep_good nopl xtopology nonstop_tsc cpuid aperfmperf pni pclmulqdq dtes64 monitor ds_cpl vmx smx est tm2 ssse3 sdbg fma cx16 xtpr pdcm pcid dca sse4_1 sse4_2 x2apic movbe popcnt tsc_deadline_timer aes xsave avx f16c rdrand lahf_lm abm 3dnowprefetch cpuid_fault epb cat_l3 cdp_l3 invpcid_single ssbd mba ibrs ibpb stibp ibrs_enhanced tpr_shadow vnmi flexpriority ept vpid fsgsbase tsc_adjust bmi1 hle avx2 smep bmi2 erms invpcid rtm cqm mpx rdt_a avx512f avx512dq rdseed adx smap clflushopt clwb intel_pt avx512cd avx512bw avx512vl xsaveopt xsavec xgetbv1 xsaves cqm_llc cqm_occup_llc cqm_mbm_total cqm_mbm_local dtherm ida arat pln pts pku ospke avx512_vnni md_clear flush_l1d arch_capabilities Architecture: x86_64 CPU op-mode(s): 32-bit, 64-bit Byte Order: Little Endian CPU(s): 96 On-line CPU(s) list: 0-95 Thread(s) per core: 2 Core(s) per socket: 24 Socket(s): 2 NUMA node(s): 2 Vendor ID: GenuineIntel CPU family: 6 Model: 85 Model name: Intel(R) Xeon(R) Gold 6252N CPU @ 2.</description>
    </item>
    
    <item>
      <title>SuperMicro EPYC Zen2</title>
      <link>https://csit.fd.io/cdocs/infrastructure/testbed_configuration/sm_zn2_hw_bios_cfg/</link>
      <pubDate>Mon, 01 Jan 0001 00:00:00 +0000</pubDate>
      
      <guid>https://csit.fd.io/cdocs/infrastructure/testbed_configuration/sm_zn2_hw_bios_cfg/</guid>
      <description>SuperMicro EPYC Zen2 # Linux lscpu # $ lscpu Architecture: x86_64 CPU op-mode(s): 32-bit, 64-bit Byte Order: Little Endian CPU(s): 64 On-line CPU(s) list: 0-63 Thread(s) per core: 2 Core(s) per socket: 32 Socket(s): 1 NUMA node(s): 2 Vendor ID: AuthenticAMD CPU family: 23 Model: 49 Model name: AMD EPYC 7532 32-Core Processor Stepping: 0 CPU MHz: 1981.470 CPU max MHz: 2400.0000 CPU min MHz: 1500.0000 BogoMIPS: 4800.05 Virtualization: AMD-V L1d cache: 32K L1i cache: 32K L2 cache: 512K L3 cache: 16384K NUMA node0 CPU(s): 0-15,32-47 NUMA node1 CPU(s): 16-31,48-63 Flags: fpu vme de pse tsc msr pae mce cx8 apic sep mtrr pge mca cmov pat pse36 clflush mmx fxsr sse sse2 ht syscall nx mmxext fxsr_opt pdpe1gb rdtscp lm constant_tsc rep_good nopl xtopology nonstop_tsc cpuid extd_apicid aperfmperf pni pclmulqdq monitor ssse3 fma cx16 sse4_1 sse4_2 x2apic movbe popcnt aes xsave avx f16c rdrand lahf_lm cmp_legacy svm extapic cr8_legacy abm sse4a misalignsse 3dnowprefetch osvw ibs skinit wdt tce topoext perfctr_core perfctr_nb bpext perfctr_llc mwaitx cpb cat_l3 cdp_l3 hw_pstate sme ssbd ibrs ibpb stibp vmmcall fsgsbase bmi1 avx2 smep bmi2 cqm rdt_a rdseed adx smap clflushopt clwb sha_ni xsaveopt xsavec xgetbv1 xsaves cqm_llc cqm_occup_llc cqm_mbm_total cqm_mbm_local clzero irperf xsaveerptr arat npt lbrv svm_lock nrip_save tsc_scale vmcb_clean flushbyasid decodeassists pausefilter pfthreshold avic v_vmsave_vmload vgif umip rdpid overflow_recov succor smca $ lscpu Architecture: x86_64 CPU op-mode(s): 32-bit, 64-bit Byte Order: Little Endian CPU(s): 64 On-line CPU(s) list: 0-63 Thread(s) per core: 2 Core(s) per socket: 32 Socket(s): 1 NUMA node(s): 2 Vendor ID: AuthenticAMD CPU family: 23 Model: 49 Model name: AMD EPYC 7532 32-Core Processor Stepping: 0 CPU MHz: 1981.</description>
    </item>
    
    <item>
      <title>SuperMicro Icelake</title>
      <link>https://csit.fd.io/cdocs/infrastructure/testbed_configuration/sm_icx_hw_bios_cfg/</link>
      <pubDate>Mon, 01 Jan 0001 00:00:00 +0000</pubDate>
      
      <guid>https://csit.fd.io/cdocs/infrastructure/testbed_configuration/sm_icx_hw_bios_cfg/</guid>
      <description>SuperMicro Icelake # Linux lscpu # $ lscpu Architecture: x86_64 CPU op-mode(s): 32-bit, 64-bit Byte Order: Little Endian Address sizes: 46 bits physical, 57 bits virtual CPU(s): 128 On-line CPU(s) list: 0-127 Thread(s) per core: 2 Core(s) per socket: 32 Socket(s): 2 NUMA node(s): 2 Vendor ID: GenuineIntel CPU family: 6 Model: 106 Model name: Intel(R) Xeon(R) Platinum 8358 CPU @ 2.60GHz Stepping: 6 CPU MHz: 3283.980 BogoMIPS: 5200.00 Virtualization: VT-x L1d cache: 3 MiB L1i cache: 2 MiB L2 cache: 80 MiB L3 cache: 96 MiB NUMA node0 CPU(s): 0-31,64-95 NUMA node1 CPU(s): 32-63,96-127 Vulnerability Itlb multihit: Not affected Vulnerability L1tf: Not affected Vulnerability Mds: Not affected Vulnerability Meltdown: Not affected Vulnerability Spec store bypass: Mitigation; Speculative Store Bypass disabled via prctl and seccomp Vulnerability Spectre v1: Mitigation; usercopy/swapgs barriers and __user pointer sanitization Vulnerability Spectre v2: Mitigation; Enhanced IBRS, IBPB conditional, RSB filling Vulnerability Srbds: Not affected Vulnerability Tsx async abort: Not affected Flags: fpu vme de pse tsc msr pae mce cx8 apic sep mtrr pge mca cmov pat pse36 clflush dts acpi mmx fxsr sse sse2 ss ht tm pbe sysca ll nx pdpe1gb rdtscp lm constant_tsc art arch_perfmon pebs bts rep_good nopl xtopology nonstop_tsc cpuid aperfmperf pni pclmu lqdq dtes64 monitor ds_cpl vmx smx est tm2 ssse3 sdbg fma cx16 xtpr pdcm pcid dca sse4_1 sse4_2 x2apic movbe popcnt tsc_deadl ine_timer aes xsave avx f16c rdrand lahf_lm abm 3dnowprefetch cpuid_fault epb cat_l3 invpcid_single ssbd mba ibrs ibpb stibp ibrs_enhanced tpr_shadow vnmi flexpriority ept vpid ept_ad fsgsbase tsc_adjust bmi1 avx2 smep bmi2 erms invpcid cqm rdt_a avx 512f avx512dq rdseed adx smap avx512ifma clflushopt clwb intel_pt avx512cd sha_ni avx512bw avx512vl xsaveopt xsavec xgetbv1 x saves cqm_llc cqm_occup_llc cqm_mbm_total cqm_mbm_local wbnoinvd dtherm ida arat pln pts avx512vbmi umip pku ospke avx512_vbm i2 gfni vaes vpclmulqdq avx512_vnni avx512_bitalg tme avx512_vpopcntdq rdpid md_clear pconfig flush_l1d arch_capabilities Linux dmidecode # # dmidecode 3.</description>
    </item>
    
    <item>
      <title>SuperMicro SapphireRapids</title>
      <link>https://csit.fd.io/cdocs/infrastructure/testbed_configuration/sm_spr_hw_bios_cfg/</link>
      <pubDate>Mon, 01 Jan 0001 00:00:00 +0000</pubDate>
      
      <guid>https://csit.fd.io/cdocs/infrastructure/testbed_configuration/sm_spr_hw_bios_cfg/</guid>
      <description>SuperMicro SapphireRapids # Linux lscpu # Architecture: x86_64 CPU op-mode(s): 32-bit, 64-bit Address sizes: 46 bits physical, 57 bits virtual Byte Order: Little Endian CPU(s): 128 On-line CPU(s) list: 0-127 Vendor ID: GenuineIntel Model name: Intel(R) Xeon(R) Platinum 8462Y+ CPU family: 6 Model: 143 Thread(s) per core: 2 Core(s) per socket: 32 Socket(s): 2 Stepping: 8 BogoMIPS: 5600.00 Flags: fpu vme de pse tsc msr pae mce cx8 apic sep mtrr pge mca cmov pat pse36 clflush dts acpi mmx fxsr sse sse2 ss ht tm pbe syscall nx pdpe1 gb rdtscp lm constant_tsc art arch_perfmon pebs bts rep_good nopl xtopology nonstop_tsc cpuid aperfmperf tsc_known_freq pni pclmulqdq dt es64 monitor ds_cpl vmx smx est tm2 ssse3 sdbg fma cx16 xtpr pdcm pcid dca sse4_1 sse4_2 x2apic movbe popcnt tsc_deadline_timer aes xsav e avx f16c rdrand lahf_lm abm 3dnowprefetch cpuid_fault epb cat_l3 cat_l2 cdp_l3 invpcid_single cdp_l2 ssbd mba ibrs ibpb stibp ibrs_enh anced tpr_shadow vnmi flexpriority ept vpid ept_ad fsgsbase tsc_adjust bmi1 avx2 smep bmi2 erms invpcid cqm rdt_a avx512f avx512dq rdsee d adx smap avx512ifma clflushopt clwb intel_pt avx512cd sha_ni avx512bw avx512vl xsaveopt xsavec xgetbv1 xsaves cqm_llc cqm_occup_llc cq m_mbm_total cqm_mbm_local split_lock_detect avx_vnni avx512_bf16 wbnoinvd dtherm arat pln pts hwp hwp_act_window hwp_epp hwp_pkg_req avx 512vbmi umip pku ospke waitpkg avx512_vbmi2 gfni vaes vpclmulqdq avx512_vnni avx512_bitalg tme avx512_vpopcntdq la57 rdpid bus_lock_dete ct cldemote movdiri movdir64b enqcmd fsrm md_clear serialize tsxldtrk pconfig arch_lbr amx_bf16 avx512_fp16 amx_tile amx_int8 flush_l1d arch_capabilities Virtualization features: Virtualization: VT-x Caches (sum of all): L1d: 3 MiB (64 instances) L1i: 2 MiB (64 instances) L2: 128 MiB (64 instances) L3: 120 MiB (2 instances) NUMA: NUMA node(s): 2 NUMA node0 CPU(s): 0-31,64-95 NUMA node1 CPU(s): 32-63,96-127 Vulnerabilities: Itlb multihit: Not affected L1tf: Not affected Mds: Not affected Meltdown: Not affected Mmio stale data: Not affected Retbleed: Not affected Spec store bypass: Mitigation; Speculative Store Bypass disabled via prctl and seccomp Spectre v1: Mitigation; usercopy/swapgs barriers and __user pointer sanitization Spectre v2: Mitigation; Enhanced IBRS, IBPB conditional, RSB filling Srbds: Not affected Tsx async abort: Not affected Linux dmidecode # # dmidecode 3.</description>
    </item>
    
  </channel>
</rss>
