<?xml version="1.0" encoding="utf-8" standalone="yes"?>
<rss version="2.0" xmlns:atom="http://www.w3.org/2005/Atom">
  <channel>
    <title>Release notes on CSIT-DOCS</title>
    <link>https://csit.fd.io/cdocs/release_notes/</link>
    <description>Recent content in Release notes on CSIT-DOCS</description>
    <generator>Hugo -- gohugo.io</generator>
    <language>en-us</language><atom:link href="https://csit.fd.io/cdocs/release_notes/index.xml" rel="self" type="application/rss+xml" />
    <item>
      <title>VPP Performance</title>
      <link>https://csit.fd.io/cdocs/release_notes/vpp/</link>
      <pubDate>Mon, 01 Jan 0001 00:00:00 +0000</pubDate>
      
      <guid>https://csit.fd.io/cdocs/release_notes/vpp/</guid>
      <description>Changes in CSIT 23.02 # VPP PERFORMANCE TESTS Enhanced and added VPP hoststack tests to daily and weekly trending including: Quic VPP Echo, UDP+TCP LD_PRELOAD iPerf3, LD_PRELOAD NGINX. Added Nvidia/Mellanox DPDK tests to daily and weekly trending and report, in addition to RDMA_CORE ones that were already there. Jumbo frames tests got fixed and re-added number of to report coverage tests. Intel Xeon SKX performance testbeds got decommissioned and removed from FD.</description>
    </item>
    
    <item>
      <title>DPDK Performance</title>
      <link>https://csit.fd.io/cdocs/release_notes/dpdk/</link>
      <pubDate>Mon, 01 Jan 0001 00:00:00 +0000</pubDate>
      
      <guid>https://csit.fd.io/cdocs/release_notes/dpdk/</guid>
      <description>Changes in CSIT 23.02 # TEST FRAMEWORK CSIT test environment version has been updated to ver. 11, see Environment Versioning. DPDK PERFORMANCE TESTS No updates DPDK RELEASE VERSION CHANGE CSIT 23.02 tested DPDK 22.07, as used by VPP 23.02. Known Issues # List of known issues in CSIT 23.02 for DPDK performance tests:
# JiraID Issue Description 1 CSIT-1848 2n-clx, 3n-alt: sporadic testpmd/l3fwd tests fail with no or low traffic.</description>
    </item>
    
    <item>
      <title>TRex Performance</title>
      <link>https://csit.fd.io/cdocs/release_notes/trex/</link>
      <pubDate>Mon, 01 Jan 0001 00:00:00 +0000</pubDate>
      
      <guid>https://csit.fd.io/cdocs/release_notes/trex/</guid>
      <description>Changes in CSIT 23.02 # TEST FRAMEWORK CSIT test environment version has been updated to ver. 11, see Environment Versioning. Known Issues # List of known issues in CSIT 23.02 for TRex performance tests
# JiraID Issue Description 1 CSIT-1876 1n-aws: TRex NDR PDR ALL IP4 scale and L2 scale tests failing with 50% packet loss. CSIT removed ip4scale and l2scale except ip4scale2m where it&amp;rsquo;s still failing. New # List of new issues in CSIT 23.</description>
    </item>
    
    <item>
      <title>VPP Device</title>
      <link>https://csit.fd.io/cdocs/release_notes/vpp_device/</link>
      <pubDate>Mon, 01 Jan 0001 00:00:00 +0000</pubDate>
      
      <guid>https://csit.fd.io/cdocs/release_notes/vpp_device/</guid>
      <description> Changes in CSIT 23.02 # TEST FRAMEWORK CSIT test environment version has been updated to ver. 11, see Environment Versioning. Known Issues # List of known issues in CSIT 23.02 for VPP functional tests in VPP Device:
# JiraID Issue Description New # List of new issues in CSIT 23.02 for VPP functional tests in VPP Device:
# JiraID Issue Description </description>
    </item>
    
  </channel>
</rss>
