<?xml version="1.0" encoding="utf-8" standalone="yes"?>
<rss version="2.0" xmlns:atom="http://www.w3.org/2005/Atom">
  <channel>
    <title>Data Plane Throughput on CSIT-DOCS</title>
    <link>https://csit.fd.io/cdocs/methodology/data_plane_throughput/</link>
    <description>Recent content in Data Plane Throughput on CSIT-DOCS</description>
    <generator>Hugo -- gohugo.io</generator>
    <language>en-us</language><atom:link href="https://csit.fd.io/cdocs/methodology/data_plane_throughput/index.xml" rel="self" type="application/rss+xml" />
    <item>
      <title>Data Plane Throughput</title>
      <link>https://csit.fd.io/cdocs/methodology/data_plane_throughput/data_plane_throughput/</link>
      <pubDate>Mon, 01 Jan 0001 00:00:00 +0000</pubDate>
      
      <guid>https://csit.fd.io/cdocs/methodology/data_plane_throughput/data_plane_throughput/</guid>
      <description>Data Plane Throughput # Network data plane throughput is measured using multiple test methods in order to obtain representative and repeatable results across the large set of performance test cases implemented and executed within CSIT.
Following throughput test methods are used:
MLRsearch - Multiple Loss Ratio search MRR - Maximum Receive Rate PLRsearch - Probabilistic Loss Ratio search Description of each test method is followed by generic test properties shared by all methods.</description>
    </item>
    
    <item>
      <title>MLRsearch</title>
      <link>https://csit.fd.io/cdocs/methodology/data_plane_throughput/mlrsearch/</link>
      <pubDate>Mon, 01 Jan 0001 00:00:00 +0000</pubDate>
      
      <guid>https://csit.fd.io/cdocs/methodology/data_plane_throughput/mlrsearch/</guid>
      <description>MLRsearch # Overview # Multiple Loss Ratio search (MLRsearch) tests use an optimized search algorithm implemented in FD.io CSIT project. MLRsearch discovers any number of loss ratio loads in a single search.
Two loss ratio goals are of interest in FD.io CSIT, leading to Non-Drop Rate (NDR, loss ratio goal is exact zero) and Partial Drop Rate (PDR, non-zero loss ratio goal, currently 0.5%).
MLRsearch discovers all the loads in a single pass, reducing required time duration compared to separate binary searches1 for each rate.</description>
    </item>
    
    <item>
      <title>PLRsearch</title>
      <link>https://csit.fd.io/cdocs/methodology/data_plane_throughput/plrsearch/</link>
      <pubDate>Mon, 01 Jan 0001 00:00:00 +0000</pubDate>
      
      <guid>https://csit.fd.io/cdocs/methodology/data_plane_throughput/plrsearch/</guid>
      <description>PLRsearch # Motivation for PLRsearch # Network providers are interested in throughput a system can sustain.
RFC 25441 assumes loss ratio is given by a deterministic function of offered load. But NFV software systems are not deterministic enough. This makes deterministic algorithms (such as binary search2 per RFC 2544 and MLRsearch with single trial) to return results, which when repeated show relatively high standard deviation, thus making it harder to tell what &amp;ldquo;the throughput&amp;rdquo; actually is.</description>
    </item>
    
    <item>
      <title>MRR Throughput</title>
      <link>https://csit.fd.io/cdocs/methodology/data_plane_throughput/mrr_throughput/</link>
      <pubDate>Mon, 01 Jan 0001 00:00:00 +0000</pubDate>
      
      <guid>https://csit.fd.io/cdocs/methodology/data_plane_throughput/mrr_throughput/</guid>
      <description>MRR Throughput # Maximum Receive Rate (MRR) tests are complementary to MLRsearch tests, as they provide a maximum &amp;ldquo;raw&amp;rdquo; throughput benchmark for development and testing community. MRR tests measure the packet forwarding rate under the maximum load offered by traffic generator over a set trial duration, regardless of packet loss.
MRR tests are currently used for following test jobs:
Report performance comparison: 64B, IMIX for vhost, memif. Daily performance trending: 64B, IMIX for vhost, memif.</description>
    </item>
    
  </channel>
</rss>
