<?xml version="1.0" encoding="utf-8" standalone="yes"?>
<rss version="2.0" xmlns:atom="http://www.w3.org/2005/Atom">
  <channel>
    <title>Trending Methodology on CSIT-DOCS</title>
    <link>https://csit.fd.io/cdocs/methodology/trending_methodology/</link>
    <description>Recent content in Trending Methodology on CSIT-DOCS</description>
    <generator>Hugo -- gohugo.io</generator>
    <language>en-us</language><atom:link href="https://csit.fd.io/cdocs/methodology/trending_methodology/index.xml" rel="self" type="application/rss+xml" />
    <item>
      <title>Overview</title>
      <link>https://csit.fd.io/cdocs/methodology/trending_methodology/overview/</link>
      <pubDate>Mon, 01 Jan 0001 00:00:00 +0000</pubDate>
      
      <guid>https://csit.fd.io/cdocs/methodology/trending_methodology/overview/</guid>
      <description>Overview # This document describes a high-level design of a system for continuous performance measuring, trending and change detection for FD.io VPP SW data plane (and other performance tests run within CSIT sub-project).</description>
    </item>
    
    <item>
      <title>Trending Analysis</title>
      <link>https://csit.fd.io/cdocs/methodology/trending_methodology/trend_analysis/</link>
      <pubDate>Mon, 01 Jan 0001 00:00:00 +0000</pubDate>
      
      <guid>https://csit.fd.io/cdocs/methodology/trending_methodology/trend_analysis/</guid>
      <description>Trend Analysis # All measured performance trend data is treated as time-series data that is modeled as a concatenation of groups, within each group the samples come (independently) from the same normal distribution (with some center and standard deviation).
Center of the normal distribution for the group (equal to population average) is called a trend for the group. All the analysis is based on finding the right partition into groups and comparing their trends.</description>
    </item>
    
    <item>
      <title>Trending Presentation</title>
      <link>https://csit.fd.io/cdocs/methodology/trending_methodology/trend_presentation/</link>
      <pubDate>Mon, 01 Jan 0001 00:00:00 +0000</pubDate>
      
      <guid>https://csit.fd.io/cdocs/methodology/trending_methodology/trend_presentation/</guid>
      <description>Trend Presentation # Failed tests # The Failed tests tables list the tests which failed during the last test run. Separate tables are generated for each testbed.
Regressions and progressions # These tables list tests which encountered a regression or progression during the specified time period, which is currently set to the last 21 days.
Trendline Graphs # Trendline graphs show measured per run averages of MRR values, NDR or PDR values, group average values, and detected anomalies.</description>
    </item>
    
  </channel>
</rss>
