<?xml version="1.0" encoding="utf-8" standalone="yes"?>
<rss version="2.0" xmlns:atom="http://www.w3.org/2005/Atom">
  <channel>
    <title>FD.io CSIT on CSIT-DOCS</title>
    <link>https://csit.fd.io/cdocs/</link>
    <description>Recent content in FD.io CSIT on CSIT-DOCS</description>
    <generator>Hugo -- gohugo.io</generator>
    <language>en-us</language><atom:link href="https://csit.fd.io/cdocs/index.xml" rel="self" type="application/rss+xml" />
    <item>
      <title>Dashboard History</title>
      <link>https://csit.fd.io/cdocs/introduction/dashboard_history/</link>
      <pubDate>Mon, 01 Jan 0001 00:00:00 +0000</pubDate>
      
      <guid>https://csit.fd.io/cdocs/introduction/dashboard_history/</guid>
      <description>Dashboard History # FD.io CSIT 23.02 Dashboard History and per .[ww] revision changes are listed below.
.[ww] Revision Changes .10 Initial revision FD.io CSIT Revision follow CSIT-[yy][mm].[ww] numbering format, with version denoted by concatenation of two digit year [yy] and two digit month [mm], and maintenance revision identified by two digit calendar week number [ww].</description>
    </item>
    
    <item>
      <title>Data Plane Throughput</title>
      <link>https://csit.fd.io/cdocs/methodology/data_plane_throughput/data_plane_throughput/</link>
      <pubDate>Mon, 01 Jan 0001 00:00:00 +0000</pubDate>
      
      <guid>https://csit.fd.io/cdocs/methodology/data_plane_throughput/data_plane_throughput/</guid>
      <description>Data Plane Throughput # Network data plane throughput is measured using multiple test methods in order to obtain representative and repeatable results across the large set of performance test cases implemented and executed within CSIT.
Following throughput test methods are used:
MLRsearch - Multiple Loss Ratio search MRR - Maximum Receive Rate PLRsearch - Probabilistic Loss Ratio search Description of each test method is followed by generic test properties shared by all methods.</description>
    </item>
    
    <item>
      <title>FD.io DC Vexxhost Inventory</title>
      <link>https://csit.fd.io/cdocs/infrastructure/fdio_dc_vexxhost_inventory/</link>
      <pubDate>Mon, 01 Jan 0001 00:00:00 +0000</pubDate>
      
      <guid>https://csit.fd.io/cdocs/infrastructure/fdio_dc_vexxhost_inventory/</guid>
      <description>FD.io DC Vexxhost Inventory # Captured inventory data:
name: CSIT functional server name as tracked in CSIT testbed specification, followed by &amp;ldquo;/&amp;rdquo; and the actual configured hostname, unless it is the same as CSIT name. oper-status: operational status (up|down). testbed-id: CSIT testbed identifier. role: 2n/3n-xxx performance testbed, nomad-client, nomad-server. role exceptions: decommission, repurpose, spare. model: server model. s/n: serial number. mgmt-ip4: current management IPv4 address on management VLAN. ipmi-ip4: current IPMI IPv4 address on LOM VLAN.</description>
    </item>
    
    <item>
      <title>Overview</title>
      <link>https://csit.fd.io/cdocs/methodology/trending_methodology/overview/</link>
      <pubDate>Mon, 01 Jan 0001 00:00:00 +0000</pubDate>
      
      <guid>https://csit.fd.io/cdocs/methodology/trending_methodology/overview/</guid>
      <description>Overview # This document describes a high-level design of a system for continuous performance measuring, trending and change detection for FD.io VPP SW data plane (and other performance tests run within CSIT sub-project).</description>
    </item>
    
    <item>
      <title>Per-patch performance tests</title>
      <link>https://csit.fd.io/cdocs/methodology/root_cause_analysis/perpatch_performance_tests/</link>
      <pubDate>Mon, 01 Jan 0001 00:00:00 +0000</pubDate>
      
      <guid>https://csit.fd.io/cdocs/methodology/root_cause_analysis/perpatch_performance_tests/</guid>
      <description>Per-patch performance tests # Updated for CSIT git commit id: 72b45cfe662107c8e1bb549df71ba51352a898ee.
A methodology similar to trending analysis is used for comparing performance before a DUT code change is merged. This can act as a verify job to disallow changes which would decrease performance without a good reason.
Existing jobs # VPP is the only project currently using such jobs. They are not started automatically, must be triggered on demand. They allow full tag expressions, but some tags are enforced (such as MRR).</description>
    </item>
    
    <item>
      <title>QUIC/UDP/IP with vpp_echo</title>
      <link>https://csit.fd.io/cdocs/methodology/hoststack_testing/quicudpip_with_vppecho/</link>
      <pubDate>Mon, 01 Jan 0001 00:00:00 +0000</pubDate>
      
      <guid>https://csit.fd.io/cdocs/methodology/hoststack_testing/quicudpip_with_vppecho/</guid>
      <description>QUIC/UDP/IP with vpp_echo # vpp_echo performance testing tool is a bespoke performance test application which utilizes the &amp;rsquo;native HostStack APIs&amp;rsquo; to verify performance and correct handling of connection/stream events with uni-directional and bi-directional streams of data.
Because iperf3 does not support the QUIC transport protocol, vpp_echo is used for measuring the maximum attainable goodput of the VPP Host Stack connection utilizing the QUIC transport protocol across two instances of VPP running on separate DUT nodes.</description>
    </item>
    
    <item>
      <title>Terminology</title>
      <link>https://csit.fd.io/cdocs/methodology/terminology/</link>
      <pubDate>Mon, 01 Jan 0001 00:00:00 +0000</pubDate>
      
      <guid>https://csit.fd.io/cdocs/methodology/terminology/</guid>
      <description>Terminology # Frame size: size of an Ethernet Layer-2 frame on the wire, including any VLAN tags (dot1q, dot1ad) and Ethernet FCS, but excluding Ethernet preamble and inter-frame gap. Measured in Bytes. Packet size: same as frame size, both terms used interchangeably. Inner L2 size: for tunneled L2 frames only, size of an encapsulated Ethernet Layer-2 frame, preceded with tunnel header, and followed by tunnel trailer. Measured in Bytes. Inner IP size: for tunneled IP packets only, size of an encapsulated IPv4 or IPv6 packet, preceded with tunnel header, and followed by tunnel trailer.</description>
    </item>
    
    <item>
      <title>VPP Performance</title>
      <link>https://csit.fd.io/cdocs/release_notes/vpp/</link>
      <pubDate>Mon, 01 Jan 0001 00:00:00 +0000</pubDate>
      
      <guid>https://csit.fd.io/cdocs/release_notes/vpp/</guid>
      <description>Changes in CSIT 23.02 # VPP PERFORMANCE TESTS Enhanced and added VPP hoststack tests to daily and weekly trending including: Quic VPP Echo, UDP+TCP LD_PRELOAD iPerf3, LD_PRELOAD NGINX. Added Nvidia/Mellanox DPDK tests to daily and weekly trending and report, in addition to RDMA_CORE ones that were already there. Jumbo frames tests got fixed and re-added number of to report coverage tests. Intel Xeon SKX performance testbeds got decommissioned and removed from FD.</description>
    </item>
    
    <item>
      <title>DPDK Performance</title>
      <link>https://csit.fd.io/cdocs/release_notes/dpdk/</link>
      <pubDate>Mon, 01 Jan 0001 00:00:00 +0000</pubDate>
      
      <guid>https://csit.fd.io/cdocs/release_notes/dpdk/</guid>
      <description>Changes in CSIT 23.02 # TEST FRAMEWORK CSIT test environment version has been updated to ver. 11, see Environment Versioning. DPDK PERFORMANCE TESTS No updates DPDK RELEASE VERSION CHANGE CSIT 23.02 tested DPDK 22.07, as used by VPP 23.02. Known Issues # List of known issues in CSIT 23.02 for DPDK performance tests:
# JiraID Issue Description 1 CSIT-1848 2n-clx, 3n-alt: sporadic testpmd/l3fwd tests fail with no or low traffic.</description>
    </item>
    
    <item>
      <title>FD.io CSIT Testbed Specifications</title>
      <link>https://csit.fd.io/cdocs/infrastructure/fdio_csit_testbed_specifications/</link>
      <pubDate>Mon, 01 Jan 0001 00:00:00 +0000</pubDate>
      
      <guid>https://csit.fd.io/cdocs/infrastructure/fdio_csit_testbed_specifications/</guid>
      <description>FD.io CSIT Testbed Specifications # Purpose # This note includes specification of the physical testbed infrastructure hosted by LFN FD.io CSIT project.
Testbeds Overview # Summary List # #. Type Purpose SUT TG #TB #SUT #TG #skx #ps1 #rng #tx2 #tsh #alt #clx #zn2 #icx #snr #spr 1. 1-Node-Skylake nomad skx na 5 5 0 5 0 0 0 0 0 0 0 0 0 0 2. 1-Node-Cascadelake nomad clx na 1 1 0 0 0 0 0 0 0 1 0 0 0 0 3.</description>
    </item>
    
    <item>
      <title>MLRsearch</title>
      <link>https://csit.fd.io/cdocs/methodology/data_plane_throughput/mlrsearch/</link>
      <pubDate>Mon, 01 Jan 0001 00:00:00 +0000</pubDate>
      
      <guid>https://csit.fd.io/cdocs/methodology/data_plane_throughput/mlrsearch/</guid>
      <description>MLRsearch # Overview # Multiple Loss Ratio search (MLRsearch) tests use an optimized search algorithm implemented in FD.io CSIT project. MLRsearch discovers any number of loss ratio loads in a single search.
Two loss ratio goals are of interest in FD.io CSIT, leading to Non-Drop Rate (NDR, loss ratio goal is exact zero) and Partial Drop Rate (PDR, non-zero loss ratio goal, currently 0.5%).
MLRsearch discovers all the loads in a single pass, reducing required time duration compared to separate binary searches1 for each rate.</description>
    </item>
    
    <item>
      <title>Per Thread Resources</title>
      <link>https://csit.fd.io/cdocs/methodology/per_thread_resources/</link>
      <pubDate>Mon, 01 Jan 0001 00:00:00 +0000</pubDate>
      
      <guid>https://csit.fd.io/cdocs/methodology/per_thread_resources/</guid>
      <description>Per Thread Resources # CSIT test framework is managing mapping of the following resources per thread:
Cores, physical cores (pcores) allocated as pairs of sibling logical cores (lcores) if server in HyperThreading/SMT mode, or as single lcores if server not in HyperThreading/SMT mode. Note that if server&amp;rsquo;s processors are running in HyperThreading/SMT mode sibling lcores are always used. Receive Queues (RxQ), packet receive queues allocated on each physical and logical interface tested.</description>
    </item>
    
    <item>
      <title>TCP/IP with iperf3</title>
      <link>https://csit.fd.io/cdocs/methodology/hoststack_testing/tcpip_with_iperf3/</link>
      <pubDate>Mon, 01 Jan 0001 00:00:00 +0000</pubDate>
      
      <guid>https://csit.fd.io/cdocs/methodology/hoststack_testing/tcpip_with_iperf3/</guid>
      <description>TCP/IP with iperf3 # iperf3 goodput measurement tool is used for measuring the maximum attainable goodput of the VPP Host Stack connection across two instances of VPP running on separate DUT nodes. iperf3 is a popular open source tool for active measurements of the maximum achievable goodput on IP networks.
Because iperf3 utilizes the POSIX socket interface APIs, the current test configuration utilizes the LD_PRELOAD mechanism in the linux kernel to connect iperf3 to the VPP Host Stack using the VPP Communications Library (VCL) LD_PRELOAD library (libvcl_ldpreload.</description>
    </item>
    
    <item>
      <title>Test Scenarios Overview</title>
      <link>https://csit.fd.io/cdocs/introduction/test_scenarios_overview/</link>
      <pubDate>Mon, 01 Jan 0001 00:00:00 +0000</pubDate>
      
      <guid>https://csit.fd.io/cdocs/introduction/test_scenarios_overview/</guid>
      <description>Test Scenarios Overview # FD.io CSIT Dashboard includes multiple test scenarios of VPP centric applications, topologies and use cases. In addition it also covers baseline tests of DPDK sample applications. Tests are executed in physical (performance tests) and virtual environments (functional tests).
Brief overview of test scenarios covered in this documentation:
VPP Performance: VPP performance tests are executed in physical FD.io testbeds, focusing on VPP network data plane performance in NIC-to-NIC switching topologies.</description>
    </item>
    
    <item>
      <title>Trending Analysis</title>
      <link>https://csit.fd.io/cdocs/methodology/trending_methodology/trend_analysis/</link>
      <pubDate>Mon, 01 Jan 0001 00:00:00 +0000</pubDate>
      
      <guid>https://csit.fd.io/cdocs/methodology/trending_methodology/trend_analysis/</guid>
      <description>Trend Analysis # All measured performance trend data is treated as time-series data that is modeled as a concatenation of groups, within each group the samples come (independently) from the same normal distribution (with some center and standard deviation).
Center of the normal distribution for the group (equal to population average) is called a trend for the group. All the analysis is based on finding the right partition into groups and comparing their trends.</description>
    </item>
    
    <item>
      <title>Design</title>
      <link>https://csit.fd.io/cdocs/introduction/design/</link>
      <pubDate>Mon, 01 Jan 0001 00:00:00 +0000</pubDate>
      
      <guid>https://csit.fd.io/cdocs/introduction/design/</guid>
      <description>Design # FD.io CSIT system design needs to meet continuously expanding requirements of FD.io projects including VPP, related sub-systems (e.g. plugin applications, DPDK drivers) and FD.io applications (e.g. DPDK applications), as well as growing number of compute platforms running those applications. With CSIT project scope and charter including both FD.io continuous testing AND performance trending/comparisons, those evolving requirements further amplify the need for CSIT framework modularity, flexibility and usability.</description>
    </item>
    
    <item>
      <title>FD.io CSIT Testbed Versioning</title>
      <link>https://csit.fd.io/cdocs/infrastructure/fdio_csit_testbed_versioning/</link>
      <pubDate>Mon, 01 Jan 0001 00:00:00 +0000</pubDate>
      
      <guid>https://csit.fd.io/cdocs/infrastructure/fdio_csit_testbed_versioning/</guid>
      <description>FD.io CSIT Testbed Versioning # CSIT test environment versioning has been introduced to track modifications of the test environment.
Any benchmark anomalies (progressions, regressions) between releases of a DUT application (e.g. VPP, DPDK), are determined by testing it in the same test environment, to avoid test environment changes clouding the picture. To beter distinguish impact of test environment changes, we also execute tests without any SUT (just with TRex TG sending packets over a link looping back to TG).</description>
    </item>
    
    <item>
      <title>PLRsearch</title>
      <link>https://csit.fd.io/cdocs/methodology/data_plane_throughput/plrsearch/</link>
      <pubDate>Mon, 01 Jan 0001 00:00:00 +0000</pubDate>
      
      <guid>https://csit.fd.io/cdocs/methodology/data_plane_throughput/plrsearch/</guid>
      <description>PLRsearch # Motivation for PLRsearch # Network providers are interested in throughput a system can sustain.
RFC 25441 assumes loss ratio is given by a deterministic function of offered load. But NFV software systems are not deterministic enough. This makes deterministic algorithms (such as binary search2 per RFC 2544 and MLRsearch with single trial) to return results, which when repeated show relatively high standard deviation, thus making it harder to tell what &amp;ldquo;the throughput&amp;rdquo; actually is.</description>
    </item>
    
    <item>
      <title>Trending Presentation</title>
      <link>https://csit.fd.io/cdocs/methodology/trending_methodology/trend_presentation/</link>
      <pubDate>Mon, 01 Jan 0001 00:00:00 +0000</pubDate>
      
      <guid>https://csit.fd.io/cdocs/methodology/trending_methodology/trend_presentation/</guid>
      <description>Trend Presentation # Failed tests # The Failed tests tables list the tests which failed during the last test run. Separate tables are generated for each testbed.
Regressions and progressions # These tables list tests which encountered a regression or progression during the specified time period, which is currently set to the last 21 days.
Trendline Graphs # Trendline graphs show measured per run averages of MRR values, NDR or PDR values, group average values, and detected anomalies.</description>
    </item>
    
    <item>
      <title>TRex Performance</title>
      <link>https://csit.fd.io/cdocs/release_notes/trex/</link>
      <pubDate>Mon, 01 Jan 0001 00:00:00 +0000</pubDate>
      
      <guid>https://csit.fd.io/cdocs/release_notes/trex/</guid>
      <description>Changes in CSIT 23.02 # TEST FRAMEWORK CSIT test environment version has been updated to ver. 11, see Environment Versioning. Known Issues # List of known issues in CSIT 23.02 for TRex performance tests
# JiraID Issue Description 1 CSIT-1876 1n-aws: TRex NDR PDR ALL IP4 scale and L2 scale tests failing with 50% packet loss. CSIT removed ip4scale and l2scale except ip4scale2m where it&amp;rsquo;s still failing. New # List of new issues in CSIT 23.</description>
    </item>
    
    <item>
      <title>UDP/IP with iperf3</title>
      <link>https://csit.fd.io/cdocs/methodology/hoststack_testing/udpip_with_iperf3/</link>
      <pubDate>Mon, 01 Jan 0001 00:00:00 +0000</pubDate>
      
      <guid>https://csit.fd.io/cdocs/methodology/hoststack_testing/udpip_with_iperf3/</guid>
      <description>UDP/IP with iperf3 # iperf3 goodput measurement tool is used for measuring the maximum attainable goodput of the VPP Host Stack connection across two instances of VPP running on separate DUT nodes. iperf3 is a popular open source tool for active measurements of the maximum achievable goodput on IP networks.
Because iperf3 utilizes the POSIX socket interface APIs, the current test configuration utilizes the LD_PRELOAD mechanism in the linux kernel to connect iperf3 to the VPP Host Stack using the VPP Communications Library (VCL) LD_PRELOAD library (libvcl_ldpreload.</description>
    </item>
    
    <item>
      <title>VPP Forwarding Modes</title>
      <link>https://csit.fd.io/cdocs/methodology/vpp_forwarding_modes/</link>
      <pubDate>Mon, 01 Jan 0001 00:00:00 +0000</pubDate>
      
      <guid>https://csit.fd.io/cdocs/methodology/vpp_forwarding_modes/</guid>
      <description>VPP Forwarding Modes # VPP is tested in a number of L2, IPv4 and IPv6 packet lookup and forwarding modes. Within each mode baseline and scale tests are executed, the latter with varying number of FIB entries.
L2 Ethernet Switching # VPP is tested in three L2 forwarding modes:
l2patch: L2 patch, the fastest point-to-point L2 path that loops packets between two interfaces without any Ethernet frame checks or lookups.</description>
    </item>
    
    <item>
      <title>FD.io CSIT Logical Topologies</title>
      <link>https://csit.fd.io/cdocs/infrastructure/fdio_csit_logical_topologies/</link>
      <pubDate>Mon, 01 Jan 0001 00:00:00 +0000</pubDate>
      
      <guid>https://csit.fd.io/cdocs/infrastructure/fdio_csit_logical_topologies/</guid>
      <description>FD.io CSIT Logical Topologies # CSIT VPP performance tests are executed on physical testbeds. Based on the packet path thru server SUTs, three distinct logical topology types are used for VPP DUT data plane testing:
NIC-to-NIC switching topologies. VM service switching topologies. Container service switching topologies. NIC-to-NIC Switching # The simplest logical topology for software data plane application like VPP is NIC-to-NIC switching. Tested topologies for 2-Node and 3-Node testbeds are shown in figures below.</description>
    </item>
    
    <item>
      <title>MRR Throughput</title>
      <link>https://csit.fd.io/cdocs/methodology/data_plane_throughput/mrr_throughput/</link>
      <pubDate>Mon, 01 Jan 0001 00:00:00 +0000</pubDate>
      
      <guid>https://csit.fd.io/cdocs/methodology/data_plane_throughput/mrr_throughput/</guid>
      <description>MRR Throughput # Maximum Receive Rate (MRR) tests are complementary to MLRsearch tests, as they provide a maximum &amp;ldquo;raw&amp;rdquo; throughput benchmark for development and testing community. MRR tests measure the packet forwarding rate under the maximum load offered by traffic generator over a set trial duration, regardless of packet loss.
MRR tests are currently used for following test jobs:
Report performance comparison: 64B, IMIX for vhost, memif. Daily performance trending: 64B, IMIX for vhost, memif.</description>
    </item>
    
    <item>
      <title>Test Naming</title>
      <link>https://csit.fd.io/cdocs/introduction/test_naming/</link>
      <pubDate>Mon, 01 Jan 0001 00:00:00 +0000</pubDate>
      
      <guid>https://csit.fd.io/cdocs/introduction/test_naming/</guid>
      <description>Test Naming # Background # CSIT 23.02 follows a common structured naming convention for all performance and system functional tests, introduced in CSIT 17.01.
The naming should be intuitive for majority of the tests. Complete description of CSIT test naming convention is provided on CSIT test naming wiki page. Below few illustrative examples of the naming usage for test suites across CSIT performance, functional and Honeycomb management test areas.</description>
    </item>
    
    <item>
      <title>VPP Device</title>
      <link>https://csit.fd.io/cdocs/release_notes/vpp_device/</link>
      <pubDate>Mon, 01 Jan 0001 00:00:00 +0000</pubDate>
      
      <guid>https://csit.fd.io/cdocs/release_notes/vpp_device/</guid>
      <description> Changes in CSIT 23.02 # TEST FRAMEWORK CSIT test environment version has been updated to ver. 11, see Environment Versioning. Known Issues # List of known issues in CSIT 23.02 for VPP functional tests in VPP Device:
# JiraID Issue Description New # List of new issues in CSIT 23.02 for VPP functional tests in VPP Device:
# JiraID Issue Description </description>
    </item>
    
    <item>
      <title>VSAP ab with nginx</title>
      <link>https://csit.fd.io/cdocs/methodology/hoststack_testing/vsap_ab_with_nginx/</link>
      <pubDate>Mon, 01 Jan 0001 00:00:00 +0000</pubDate>
      
      <guid>https://csit.fd.io/cdocs/methodology/hoststack_testing/vsap_ab_with_nginx/</guid>
      <description>VSAP ab with nginx # VSAP (VPP Stack Acceleration Project) aims to establish an industry user space application ecosystem based on the VPP hoststack. As a pre-requisite to adapting open source applications using VPP Communications Library to accelerate performance, the VSAP team has introduced baseline tests utilizing the LD_PRELOAD mechanism to capture baseline performance data.
AB (Apache HTTP server benchmarking tool) is used for measuring the maximum connections-per-second and requests-per-second.</description>
    </item>
    
    <item>
      <title>Test Tags Descriptions</title>
      <link>https://csit.fd.io/cdocs/introduction/test_tag_description/</link>
      <pubDate>Mon, 01 Jan 0001 00:00:00 +0000</pubDate>
      
      <guid>https://csit.fd.io/cdocs/introduction/test_tag_description/</guid>
      <description>Test Tags Descriptions # All CSIT test cases are labelled with Robot Framework tags used to allow for easy test case type identification, test case grouping and selection for execution. Following sections list currently used CSIT tags and their descriptions.
Testbed Topology Tags # 2_NODE_DOUBLE_LINK_TOPO
2 nodes connected in a circular topology with two links interconnecting the devices. 2_NODE_SINGLE_LINK_TOPO
2 nodes connected in a circular topology with at least one link interconnecting devices.</description>
    </item>
    
    <item>
      <title>TRex Traffic Generator</title>
      <link>https://csit.fd.io/cdocs/methodology/trex_traffic_generator/</link>
      <pubDate>Mon, 01 Jan 0001 00:00:00 +0000</pubDate>
      
      <guid>https://csit.fd.io/cdocs/methodology/trex_traffic_generator/</guid>
      <description>TRex Traffic Generator # Usage # TRex traffic generator is used for majority of CSIT performance tests. TRex is used in multiple types of performance tests, see Data Plane Throughtput for more detail.
Traffic modes # TRex is primarily used in two (mutually incompatible) modes.
Stateless mode # Sometimes abbreviated as STL. A mode with high performance, which is unable to react to incoming traffic. We use this mode whenever it is possible.</description>
    </item>
    
    <item>
      <title>DUT state considerations</title>
      <link>https://csit.fd.io/cdocs/methodology/dut_state_considerations/</link>
      <pubDate>Mon, 01 Jan 0001 00:00:00 +0000</pubDate>
      
      <guid>https://csit.fd.io/cdocs/methodology/dut_state_considerations/</guid>
      <description>DUT state considerations # This page discusses considerations for Device Under Test (DUT) state. DUTs such as VPP require configuration, to be provided before the aplication starts (via config files) or just after it starts (via API or CLI access).
During operation DUTs gather various telemetry data, depending on configuration. This internal state handling is part of normal operation, so any performance impact is included in the test results. Accessing telemetry data is additional load on DUT, so we are not doing that in main trial measurements that affect results, but we include separate trials specifically for gathering runtime telemetry.</description>
    </item>
    
    <item>
      <title>Network Address Translation</title>
      <link>https://csit.fd.io/cdocs/methodology/network_address_translation/</link>
      <pubDate>Mon, 01 Jan 0001 00:00:00 +0000</pubDate>
      
      <guid>https://csit.fd.io/cdocs/methodology/network_address_translation/</guid>
      <description>Network Address Translation # NAT44 Prefix Bindings # NAT44 prefix bindings should be representative to target applications, where a number of private IPv4 addresses from the range defined by RFC1918 is mapped to a smaller set of public IPv4 addresses from the public range.
Following quantities are used to describe inside to outside IP address and port bindings scenarios:
Inside-addresses, number of inside source addresses (representing inside hosts). Ports-per-inside-address, number of TCP/UDP source ports per inside source address.</description>
    </item>
    
    <item>
      <title>Packet Latency</title>
      <link>https://csit.fd.io/cdocs/methodology/packet_latency/</link>
      <pubDate>Mon, 01 Jan 0001 00:00:00 +0000</pubDate>
      
      <guid>https://csit.fd.io/cdocs/methodology/packet_latency/</guid>
      <description>Packet Latency # TRex Traffic Generator (TG) is used for measuring one-way latency in 2-Node and 3-Node physical testbed topologies. TRex integrates High Dynamic Range Histogram (HDRH) functionality and reports per packet latency distribution for latency streams sent in parallel to the main load packet streams.
Following methodology is used:
Only NDRPDR test type measures latency and only after NDR and PDR values are determined. Other test types do not involve latency streams.</description>
    </item>
    
    <item>
      <title>Packet Flow Ordering</title>
      <link>https://csit.fd.io/cdocs/methodology/packet_flow_ordering/</link>
      <pubDate>Mon, 01 Jan 0001 00:00:00 +0000</pubDate>
      
      <guid>https://csit.fd.io/cdocs/methodology/packet_flow_ordering/</guid>
      <description>Packet Flow Ordering # TRex Traffic Generator (TG) supports two main ways how to cover address space (on allowed ranges) in scale tests.
In most cases only one field value (e.g. IPv4 destination address) is altered, in some cases two fields (e.g. IPv4 destination address and UDP destination port) are altered.
Incremental Ordering # This case is simpler to implement and offers greater control.
When changing two fields, they can be incremented synchronously, or one after another.</description>
    </item>
    
    <item>
      <title>Tunnel Encapsulations</title>
      <link>https://csit.fd.io/cdocs/methodology/tunnel_encapsulations/</link>
      <pubDate>Mon, 01 Jan 0001 00:00:00 +0000</pubDate>
      
      <guid>https://csit.fd.io/cdocs/methodology/tunnel_encapsulations/</guid>
      <description>Tunnel Encapsulations # Tunnel encapsulations testing is grouped based on the type of outer header: IPv4 or IPv6.
IPv4 Tunnels # VPP is tested in the following IPv4 tunnel baseline configurations:
ip4vxlan-l2bdbase: VXLAN over IPv4 tunnels with L2 bridge-domain MAC switching. ip4vxlan-l2xcbase: VXLAN over IPv4 tunnels with L2 cross-connect. ip4lispip4-ip4base: LISP over IPv4 tunnels with IPv4 routing. ip4lispip6-ip6base: LISP over IPv4 tunnels with IPv6 routing. ip4gtpusw-ip4base: GTPU over IPv4 tunnels with IPv4 routing.</description>
    </item>
    
    <item>
      <title>Internet Protocol Security (IPsec)</title>
      <link>https://csit.fd.io/cdocs/methodology/internet_protocol_security_ipsec/</link>
      <pubDate>Mon, 01 Jan 0001 00:00:00 +0000</pubDate>
      
      <guid>https://csit.fd.io/cdocs/methodology/internet_protocol_security_ipsec/</guid>
      <description>Internet Protocol Security (IPsec) # VPP IPsec performance tests are executed for the following crypto plugins:
crypto_native, used for software based crypto leveraging CPU platform optimizations e.g. Intel&amp;rsquo;s AES-NI instruction set. crypto_ipsecmb, used for hardware based crypto with Intel QAT PCIe cards. IPsec with VPP Native SW Crypto # CSIT implements following IPsec test cases relying on VPP native crypto (crypto_native plugin):
VPP Crypto Engine ESP Encryption ESP Integrity Scale Tested crypto_native AES[128|256]-GCM GCM 1 to 60k tunnels crypto_native AES128-CBC SHA[256|512] 1 to 60k tunnels VPP IPsec with SW crypto are executed in both tunnel and policy modes, with tests running on 3-node testbeds: 3n-icx, 3n-tsh.</description>
    </item>
    
    <item>
      <title>Access Control Lists</title>
      <link>https://csit.fd.io/cdocs/methodology/access_control_lists/</link>
      <pubDate>Mon, 01 Jan 0001 00:00:00 +0000</pubDate>
      
      <guid>https://csit.fd.io/cdocs/methodology/access_control_lists/</guid>
      <description>Access Control Lists # VPP is tested in a number of data plane feature configurations across different forwarding modes. Following sections list features tested.
ACL Security-Groups # Both stateless and stateful access control lists (ACL), also known as security-groups, are supported by VPP.
Following ACL configurations are tested for MAC switching with L2 bridge-domains:
l2bdbasemaclrn-iacl{E}sl-{F}flows: Input stateless ACL, with {E} entries and {F} flows. l2bdbasemaclrn-oacl{E}sl-{F}flows: Output stateless ACL, with {E} entries and {F} flows.</description>
    </item>
    
    <item>
      <title>Multi-Core Speedup</title>
      <link>https://csit.fd.io/cdocs/methodology/multi_core_speedup/</link>
      <pubDate>Mon, 01 Jan 0001 00:00:00 +0000</pubDate>
      
      <guid>https://csit.fd.io/cdocs/methodology/multi_core_speedup/</guid>
      <description>Multi-Core Speedup # All performance tests are executed with single physical core and with multiple cores scenarios.
Intel Hyper-Threading (HT) # Intel Xeon processors used in FD.io CSIT can operate either in HT Disabled mode (single logical core per each physical core) or in HT Enabled mode (two logical cores per each physical core). HT setting is applied in BIOS and requires server SUT reload for it to take effect, making it impractical for continuous changes of HT mode of operation.</description>
    </item>
    
    <item>
      <title>Generic Segmentation Offload</title>
      <link>https://csit.fd.io/cdocs/methodology/generic_segmentation_offload/</link>
      <pubDate>Mon, 01 Jan 0001 00:00:00 +0000</pubDate>
      
      <guid>https://csit.fd.io/cdocs/methodology/generic_segmentation_offload/</guid>
      <description>Generic Segmentation Offload # Overview # Generic Segmentation Offload (GSO) reduces per-packet processing overhead by enabling applications to pass a multi-packet buffer to (v)NIC and process a smaller number of large packets (e.g. frame size of 64 KB), instead of processing higher numbers of small packets (e.g. frame size of 1500 B), thus reducing per-packet overhead.
GSO tests for VPP vhostuser and tapv2 interfaces. All tests cases use iPerf3 client and server applications running TCP/IP as a traffic generator.</description>
    </item>
    
    <item>
      <title>Reconfiguration Tests</title>
      <link>https://csit.fd.io/cdocs/methodology/reconfiguration_tests/</link>
      <pubDate>Mon, 01 Jan 0001 00:00:00 +0000</pubDate>
      
      <guid>https://csit.fd.io/cdocs/methodology/reconfiguration_tests/</guid>
      <description>Reconfiguration Tests # Overview # Reconf tests are designed to measure the impact of VPP re-configuration on data plane traffic. While VPP takes some measures against the traffic being entirely stopped for a prolonged time, the immediate forwarding rate varies during the re-configuration, as some configurations steps need the active dataplane worker threads to be stopped temporarily.
As the usual methods of measuring throughput need multiple trial measurements with somewhat long durations, and the re-configuration process can also be long, finding an offered load which would result in zero loss during the re-configuration process would be time-consuming.</description>
    </item>
    
    <item>
      <title>VPP Startup Settings</title>
      <link>https://csit.fd.io/cdocs/methodology/vpp_startup_settings/</link>
      <pubDate>Mon, 01 Jan 0001 00:00:00 +0000</pubDate>
      
      <guid>https://csit.fd.io/cdocs/methodology/vpp_startup_settings/</guid>
      <description>VPP Startup Settings # CSIT code manipulates a number of VPP settings in startup.conf for optimized performance. List of common settings applied to all tests and test dependent settings follows.
Common Settings # List of VPP startup.conf settings applied to all tests:
heap-size - set separately for ip4, ip6, stats, main depending on scale tested. no-tx-checksum-offload - disables UDP / TCP TX checksum offload in DPDK. Typically needed for use faster vector PMDs (together with no-multi-seg).</description>
    </item>
    
    <item>
      <title>VPP_Device Functional</title>
      <link>https://csit.fd.io/cdocs/methodology/vpp_device_functional/</link>
      <pubDate>Mon, 01 Jan 0001 00:00:00 +0000</pubDate>
      
      <guid>https://csit.fd.io/cdocs/methodology/vpp_device_functional/</guid>
      <description>VPP_Device Functional # Includes VPP_Device test environment for functional VPP device tests integrated into LFN CI/CD infrastructure. VPP_Device tests run on 1-Node testbeds (1n-skx, 1n-arm) and rely on Linux SRIOV Virtual Function (VF), dot1q VLAN tagging and external loopback cables to facilitate packet passing over external physical links. Initial focus is on few baseline tests. New device tests can be added by small edits to existing CSIT Performance (2-node) test.</description>
    </item>
    
    <item>
      <title>Suite Generation</title>
      <link>https://csit.fd.io/cdocs/methodology/suite_generation/</link>
      <pubDate>Mon, 01 Jan 0001 00:00:00 +0000</pubDate>
      
      <guid>https://csit.fd.io/cdocs/methodology/suite_generation/</guid>
      <description>Suite Generation # CSIT uses robot suite files to define tests. However, not all suite files available for Jenkins jobs (or manually started bootstrap scripts) are present in CSIT git repository. They are generated only when needed.
Autogen Library # There is a code generation layer implemented as Python library called &amp;ldquo;autogen&amp;rdquo;, called by various bash scripts.
It generates the full extent of CSIT suites, using the ones in git as templates.</description>
    </item>
    
    <item>
      <title>Telemetry</title>
      <link>https://csit.fd.io/cdocs/methodology/telemetry/</link>
      <pubDate>Mon, 01 Jan 0001 00:00:00 +0000</pubDate>
      
      <guid>https://csit.fd.io/cdocs/methodology/telemetry/</guid>
      <description>Telemetry # OpenMetrics specifies the de-facto standard for transmitting cloud-native metrics at scale, with support for both text representation and Protocol Buffers.
RFC # RFC2119 RFC5234 RFC8174 draft-richih-opsawg-openmetrics-00 Reference # OpenMetrics
Metric Types # Gauge Counter StateSet Info Histogram GaugeHistogram Summary Unknown Telemetry module in CSIT currently support only Gauge, Counter and Info.
Anatomy of CSIT telemetry implementation # Existing implementation consists of several measurment building blocks: the main measuring block running search algorithms (MLR, PLR, SOAK, MRR, &amp;hellip;), the latency measuring block and the several telemetry blocks with or without traffic running on a background.</description>
    </item>
    
    <item>
      <title>GENEVE</title>
      <link>https://csit.fd.io/cdocs/methodology/geneve/</link>
      <pubDate>Mon, 01 Jan 0001 00:00:00 +0000</pubDate>
      
      <guid>https://csit.fd.io/cdocs/methodology/geneve/</guid>
      <description>GENEVE # GENEVE Prefix Bindings # GENEVE prefix bindings should be representative to target applications, where a packet flows of particular set of IPv4 addresses (L3 underlay network) is routed via dedicated GENEVE interface by building an L2 overlay.
Private address ranges to be used in tests:
East hosts ip address range: 10.0.1.0 - 10.127.255.255 (10.0/9 prefix)
Total of 2^23 - 256 (8 388 352) of usable IPv4 addresses Usable in tests for up to 32 767 GENEVE tunnels (IPv4 underlay networks) West hosts ip address range: 10.</description>
    </item>
    
    <item>
      <title>Bash Code Style</title>
      <link>https://csit.fd.io/cdocs/introduction/bash_code_style/</link>
      <pubDate>Mon, 01 Jan 0001 00:00:00 +0000</pubDate>
      
      <guid>https://csit.fd.io/cdocs/introduction/bash_code_style/</guid>
      <description>The key words &amp;ldquo;MUST&amp;rdquo;, &amp;ldquo;MUST NOT&amp;rdquo;, &amp;ldquo;REQUIRED&amp;rdquo;, &amp;ldquo;SHALL&amp;rdquo;, &amp;ldquo;SHALL NOT&amp;rdquo;, &amp;ldquo;SHOULD&amp;rdquo;, &amp;ldquo;SHOULD NOT&amp;rdquo;, &amp;ldquo;RECOMMENDED&amp;rdquo;, &amp;ldquo;NOT RECOMMENDED&amp;rdquo;, &amp;ldquo;MAY&amp;rdquo;, and &amp;ldquo;OPTIONAL&amp;rdquo; in this document are to be interpreted as described in BCP 14 &amp;lt;https://tools.ietf.org/html/bcp14&amp;gt;_ [RFC2119] &amp;lt;https://tools.ietf.org/html/rfc2119&amp;gt;_ [RFC8174] &amp;lt;https://tools.ietf.org/html/rfc8174&amp;gt;_ when, and only when, they appear in all capitals, as shown here.
This document SHALL describe guidelines for writing reliable, maintainable, reusable and readable code for CSIT.
Proposed Style # File Types # Bash files SHOULD NOT be monolithic.</description>
    </item>
    
    <item>
      <title>CSIT Test Code Guidelines</title>
      <link>https://csit.fd.io/cdocs/introduction/test_code_guidelines/</link>
      <pubDate>Mon, 01 Jan 0001 00:00:00 +0000</pubDate>
      
      <guid>https://csit.fd.io/cdocs/introduction/test_code_guidelines/</guid>
      <description>CSIT Test Code Guidelines # The key words &amp;ldquo;MUST&amp;rdquo;, &amp;ldquo;MUST NOT&amp;rdquo;, &amp;ldquo;REQUIRED&amp;rdquo;, &amp;ldquo;SHALL&amp;rdquo;, &amp;ldquo;SHALL NOT&amp;rdquo;, &amp;ldquo;SHOULD&amp;rdquo;, &amp;ldquo;SHOULD NOT&amp;rdquo;, &amp;ldquo;RECOMMENDED&amp;rdquo;, &amp;ldquo;NOT RECOMMENDED&amp;rdquo;, &amp;ldquo;MAY&amp;rdquo;, and &amp;ldquo;OPTIONAL&amp;rdquo; in this document are to be interpreted as described in BCP 14, RFC2119, RFC8174 when, and only when, they appear in all capitals, as shown here.
This document SHALL describe guidelines for writing reliable, maintainable, reusable and readable code for CSIT.
RobotFramework test case files and resource files # General</description>
    </item>
    
    <item>
      <title>GigaByte ThunderX2</title>
      <link>https://csit.fd.io/cdocs/infrastructure/testbed_configuration/gigabyte_tx2_hw_bios_cfg/</link>
      <pubDate>Mon, 01 Jan 0001 00:00:00 +0000</pubDate>
      
      <guid>https://csit.fd.io/cdocs/infrastructure/testbed_configuration/gigabyte_tx2_hw_bios_cfg/</guid>
      <description> GigaByte ThunderX2 # Linux cmdline # BOOT_IMAGE=/boot/vmlinuz-5.4.0-65-generic root=UUID=7d1d0e77-4df0-43df-9619-a99db29ffb83 ro audit=0 intel_iommu=on isolcpus=1-27,29-55 nmi_watchdog=0 nohz_full=1-27,29-55 nosoftlockup processor.max_cstate=1 rcu_nocbs=1-27,29-55 console=ttyAMA0,115200n8 quiet </description>
    </item>
    
    <item>
      <title>Git Branches in CSIT</title>
      <link>https://csit.fd.io/cdocs/introduction/branches/</link>
      <pubDate>Mon, 01 Jan 0001 00:00:00 +0000</pubDate>
      
      <guid>https://csit.fd.io/cdocs/introduction/branches/</guid>
      <description>Git Branches in CSIT # Overview # This document describes how to create and remove git branches in CSIT project.
To be able to perform everything described in this file, you must be logged in as a committer.
Operational Branches # For more information about operational branches see CSIT/Branching Strategy and CSIT/Jobs on fd.io wiki pages.
Note: The branch rls2009_lts is used here only as an example.
Pre-requisites # The last builds of weekly and semiweekly jobs must finish with status &amp;ldquo;Success&amp;rdquo;.</description>
    </item>
    
    <item>
      <title>Huawei Taishan</title>
      <link>https://csit.fd.io/cdocs/infrastructure/testbed_configuration/huawei_tsh_hw_bios_cfg/</link>
      <pubDate>Mon, 01 Jan 0001 00:00:00 +0000</pubDate>
      
      <guid>https://csit.fd.io/cdocs/infrastructure/testbed_configuration/huawei_tsh_hw_bios_cfg/</guid>
      <description> Huawei Taishan # Linux cmdline # BOOT_IMAGE=/boot/vmlinuz-5.4.0-65-generic root=UUID=7d1d0e77-4df0-43df-9619-a99db29ffb83 ro audit=0 intel_iommu=on isolcpus=1-27,29-55 nmi_watchdog=0 nohz_full=1-27,29-55 nosoftlockup processor.max_cstate=1 rcu_nocbs=1-27,29-55 console=ttyAMA0,115200n8 quiet </description>
    </item>
    
    <item>
      <title>MegaRac Altra</title>
      <link>https://csit.fd.io/cdocs/infrastructure/testbed_configuration/ami_alt_hw_bios_cfg/</link>
      <pubDate>Mon, 01 Jan 0001 00:00:00 +0000</pubDate>
      
      <guid>https://csit.fd.io/cdocs/infrastructure/testbed_configuration/ami_alt_hw_bios_cfg/</guid>
      <description> MegaRac Altra # Linux cmdline # BOOT_IMAGE=/boot/vmlinuz-5.15.0-46-generic root=UUID=7d1d0e77-4df0-43df-9619-a99db29ffb83 ro audit=0 default_hugepagesz=2M hugepagesz=1G hugepages=32 hugepagesz=2M hugepages=32768 iommu.passthrough=1 isolcpus=1-10,29-38 nmi_watchdog=0 nohz_full=1-10,29-38 nosoftlockup processor.max_cstate=1 rcu_nocbs=1-10,29-38 console=ttyAMA0,115200n8 quiet </description>
    </item>
    
    <item>
      <title>Model Schema</title>
      <link>https://csit.fd.io/cdocs/introduction/model_schema/</link>
      <pubDate>Mon, 01 Jan 0001 00:00:00 +0000</pubDate>
      
      <guid>https://csit.fd.io/cdocs/introduction/model_schema/</guid>
      <description>Model Schema # This document describes what is currently implemented in CSIT, especially the export side (UTI), not import side (PAL).
Version # This document is valid for CSIT model version 1.4.0.
It is recommended to use semantic versioning: https://semver.org/ That means, if the new model misses a field present in the old model, bump the major version. If the new model adds a field not present in the old model, bump the minor version.</description>
    </item>
    
    <item>
      <title>Performance Triggers Design</title>
      <link>https://csit.fd.io/cdocs/introduction/perf_triggers_design/</link>
      <pubDate>Mon, 01 Jan 0001 00:00:00 +0000</pubDate>
      
      <guid>https://csit.fd.io/cdocs/introduction/perf_triggers_design/</guid>
      <description>Performance Triggers Design # Syntax trigger_keyword [{tag1} {tag2}AND{tag3} !{tag4} !{tag5}]
Inputs
trigger_keyword for vpp-* jobs: &amp;lsquo;perftest&amp;rsquo; trigger_keyword for csit-* jobs: &amp;lsquo;csit-perftest&amp;rsquo; tags: existing CSIT tags [4]_ i.e. ip4base, ip6base, iacldst, memif Set of default tags appended to user input, under control by CSIT
always-on for vpp-csit*.job: &amp;lsquo;mrr&amp;rsquo; &amp;rsquo;nic_intel_x710-da2&amp;rsquo; &amp;lsquo;1t1c&amp;rsquo; if input with no tags, following set applied: &amp;lsquo;mrrANDnic_intel-x710AND1t1cAND64bANDip4base&amp;rsquo; &amp;lsquo;mrrANDnic_intel-x710AND1t1cAND78bANDip6base&amp;rsquo; &amp;lsquo;mrrANDnic_intel-x710AND1t1cAND64bANDl2bdbase&amp;rsquo; Examples input: &amp;lsquo;perftest&amp;rsquo; expanded: &amp;lsquo;mrrANDnic_intel_x710-da2AND1t1cAND64bANDl2bdbase mrrANDnic_intel_x710-da2AND1t1cAND64bANDip4base mrrANDnic_intel_x710-da2AND1t1cAND78bANDip6base&amp;rsquo; input: &amp;lsquo;perftest l2bdbase l2xcbase&amp;rsquo; expanded: &amp;lsquo;mrrANDnic_intel_x710-da2ANDl2bdbase mrrANDnic_intel_x710-da2ANDl2xcbase&amp;rsquo; input: &amp;lsquo;perftest ip4base !</description>
    </item>
    
    <item>
      <title>Running CSIT locally in Vagrant</title>
      <link>https://csit.fd.io/cdocs/introduction/testing_in_vagrant/</link>
      <pubDate>Mon, 01 Jan 0001 00:00:00 +0000</pubDate>
      
      <guid>https://csit.fd.io/cdocs/introduction/testing_in_vagrant/</guid>
      <description>Running CSIT locally in Vagrant # Install prerequisites # Run all commands from command line.
Download and install virtualbox from official page. To verify the installation, run VBoxManage
on windows
&amp;quot;C:\Program Files\Oracle\VirtualBox\VBoxManage.exe&amp;quot; --version on nix
VBoxManage --version Tested version: 6.1.16r140961 Download and install latest vagrant from official page. To verify the installtion, run
vagrant -v Tested version: Vagrant 2.2.15 Install vagrant plugins::
vagrant plugin install vagrant-vbguest vagrant plugin install vagrant-cachier If you are behind a proxy, install proxyconf plugin and update proxy settings in Vagrantfile::</description>
    </item>
    
    <item>
      <title>SuperMicro Cascadelake</title>
      <link>https://csit.fd.io/cdocs/infrastructure/testbed_configuration/sm_clx_hw_bios_cfg/</link>
      <pubDate>Mon, 01 Jan 0001 00:00:00 +0000</pubDate>
      
      <guid>https://csit.fd.io/cdocs/infrastructure/testbed_configuration/sm_clx_hw_bios_cfg/</guid>
      <description>SuperMicro Cascadelake # Linux lscpu # Architecture: x86_64 CPU op-mode(s): 32-bit, 64-bit Byte Order: Little Endian CPU(s): 112 On-line CPU(s) list: 0-111 Thread(s) per core: 2 Core(s) per socket: 28 Socket(s): 2 NUMA node(s): 2 Vendor ID: GenuineIntel CPU family: 6 Model: 85 Model name: Intel(R) Xeon(R) Platinum 8280 CPU @ 2.70GHz Stepping: 7 CPU MHz: 3299.609 BogoMIPS: 5400.00 Virtualization: VT-x L1d cache: 32K L1i cache: 32K L2 cache: 1024K L3 cache: 39424K NUMA node0 CPU(s): 0-27,56-83 NUMA node1 CPU(s): 28-55,84-111 Flags: fpu vme de pse tsc msr pae mce cx8 apic sep mtrr pge mca cmov pat pse36 clflush dts acpi mmx fxsr sse sse2 ss ht tm pbe syscall nx pdpe1gb rdtscp lm constant_tsc art arch_perfmon pebs bts rep_good nopl xtopology nonstop_tsc cpuid aperfmperf pni pclmulqdq dtes64 monitor ds_cpl vmx smx est tm2 ssse3 sdbg fma cx16 xtpr pdcm pcid dca sse4_1 sse4_2 x2apic movbe popcnt tsc_deadline_timer aes xsave avx f16c rdrand lahf_lm abm 3dnowprefetch cpuid_fault epb cat_l3 cdp_l3 invpcid_single ssbd mba ibrs ibpb stibp ibrs_enhanced tpr_shadow vnmi flexpriority ept vpid fsgsbase tsc_adjust bmi1 hle avx2 smep bmi2 erms invpcid rtm cqm mpx rdt_a avx512f avx512dq rdseed adx smap clflushopt clwb intel_pt avx512cd avx512bw avx512vl xsaveopt xsavec xgetbv1 xsaves cqm_llc cqm_occup_llc cqm_mbm_total cqm_mbm_local dtherm ida arat pln pts pku ospke avx512_vnni md_clear flush_l1d arch_capabilities Architecture: x86_64 CPU op-mode(s): 32-bit, 64-bit Byte Order: Little Endian CPU(s): 96 On-line CPU(s) list: 0-95 Thread(s) per core: 2 Core(s) per socket: 24 Socket(s): 2 NUMA node(s): 2 Vendor ID: GenuineIntel CPU family: 6 Model: 85 Model name: Intel(R) Xeon(R) Gold 6252N CPU @ 2.</description>
    </item>
    
    <item>
      <title>SuperMicro EPYC Zen2</title>
      <link>https://csit.fd.io/cdocs/infrastructure/testbed_configuration/sm_zn2_hw_bios_cfg/</link>
      <pubDate>Mon, 01 Jan 0001 00:00:00 +0000</pubDate>
      
      <guid>https://csit.fd.io/cdocs/infrastructure/testbed_configuration/sm_zn2_hw_bios_cfg/</guid>
      <description>SuperMicro EPYC Zen2 # Linux lscpu # $ lscpu Architecture: x86_64 CPU op-mode(s): 32-bit, 64-bit Byte Order: Little Endian CPU(s): 64 On-line CPU(s) list: 0-63 Thread(s) per core: 2 Core(s) per socket: 32 Socket(s): 1 NUMA node(s): 2 Vendor ID: AuthenticAMD CPU family: 23 Model: 49 Model name: AMD EPYC 7532 32-Core Processor Stepping: 0 CPU MHz: 1981.470 CPU max MHz: 2400.0000 CPU min MHz: 1500.0000 BogoMIPS: 4800.05 Virtualization: AMD-V L1d cache: 32K L1i cache: 32K L2 cache: 512K L3 cache: 16384K NUMA node0 CPU(s): 0-15,32-47 NUMA node1 CPU(s): 16-31,48-63 Flags: fpu vme de pse tsc msr pae mce cx8 apic sep mtrr pge mca cmov pat pse36 clflush mmx fxsr sse sse2 ht syscall nx mmxext fxsr_opt pdpe1gb rdtscp lm constant_tsc rep_good nopl xtopology nonstop_tsc cpuid extd_apicid aperfmperf pni pclmulqdq monitor ssse3 fma cx16 sse4_1 sse4_2 x2apic movbe popcnt aes xsave avx f16c rdrand lahf_lm cmp_legacy svm extapic cr8_legacy abm sse4a misalignsse 3dnowprefetch osvw ibs skinit wdt tce topoext perfctr_core perfctr_nb bpext perfctr_llc mwaitx cpb cat_l3 cdp_l3 hw_pstate sme ssbd ibrs ibpb stibp vmmcall fsgsbase bmi1 avx2 smep bmi2 cqm rdt_a rdseed adx smap clflushopt clwb sha_ni xsaveopt xsavec xgetbv1 xsaves cqm_llc cqm_occup_llc cqm_mbm_total cqm_mbm_local clzero irperf xsaveerptr arat npt lbrv svm_lock nrip_save tsc_scale vmcb_clean flushbyasid decodeassists pausefilter pfthreshold avic v_vmsave_vmload vgif umip rdpid overflow_recov succor smca $ lscpu Architecture: x86_64 CPU op-mode(s): 32-bit, 64-bit Byte Order: Little Endian CPU(s): 64 On-line CPU(s) list: 0-63 Thread(s) per core: 2 Core(s) per socket: 32 Socket(s): 1 NUMA node(s): 2 Vendor ID: AuthenticAMD CPU family: 23 Model: 49 Model name: AMD EPYC 7532 32-Core Processor Stepping: 0 CPU MHz: 1981.</description>
    </item>
    
    <item>
      <title>SuperMicro Icelake</title>
      <link>https://csit.fd.io/cdocs/infrastructure/testbed_configuration/sm_icx_hw_bios_cfg/</link>
      <pubDate>Mon, 01 Jan 0001 00:00:00 +0000</pubDate>
      
      <guid>https://csit.fd.io/cdocs/infrastructure/testbed_configuration/sm_icx_hw_bios_cfg/</guid>
      <description>SuperMicro Icelake # Linux lscpu # $ lscpu Architecture: x86_64 CPU op-mode(s): 32-bit, 64-bit Byte Order: Little Endian Address sizes: 46 bits physical, 57 bits virtual CPU(s): 128 On-line CPU(s) list: 0-127 Thread(s) per core: 2 Core(s) per socket: 32 Socket(s): 2 NUMA node(s): 2 Vendor ID: GenuineIntel CPU family: 6 Model: 106 Model name: Intel(R) Xeon(R) Platinum 8358 CPU @ 2.60GHz Stepping: 6 CPU MHz: 3283.980 BogoMIPS: 5200.00 Virtualization: VT-x L1d cache: 3 MiB L1i cache: 2 MiB L2 cache: 80 MiB L3 cache: 96 MiB NUMA node0 CPU(s): 0-31,64-95 NUMA node1 CPU(s): 32-63,96-127 Vulnerability Itlb multihit: Not affected Vulnerability L1tf: Not affected Vulnerability Mds: Not affected Vulnerability Meltdown: Not affected Vulnerability Spec store bypass: Mitigation; Speculative Store Bypass disabled via prctl and seccomp Vulnerability Spectre v1: Mitigation; usercopy/swapgs barriers and __user pointer sanitization Vulnerability Spectre v2: Mitigation; Enhanced IBRS, IBPB conditional, RSB filling Vulnerability Srbds: Not affected Vulnerability Tsx async abort: Not affected Flags: fpu vme de pse tsc msr pae mce cx8 apic sep mtrr pge mca cmov pat pse36 clflush dts acpi mmx fxsr sse sse2 ss ht tm pbe sysca ll nx pdpe1gb rdtscp lm constant_tsc art arch_perfmon pebs bts rep_good nopl xtopology nonstop_tsc cpuid aperfmperf pni pclmu lqdq dtes64 monitor ds_cpl vmx smx est tm2 ssse3 sdbg fma cx16 xtpr pdcm pcid dca sse4_1 sse4_2 x2apic movbe popcnt tsc_deadl ine_timer aes xsave avx f16c rdrand lahf_lm abm 3dnowprefetch cpuid_fault epb cat_l3 invpcid_single ssbd mba ibrs ibpb stibp ibrs_enhanced tpr_shadow vnmi flexpriority ept vpid ept_ad fsgsbase tsc_adjust bmi1 avx2 smep bmi2 erms invpcid cqm rdt_a avx 512f avx512dq rdseed adx smap avx512ifma clflushopt clwb intel_pt avx512cd sha_ni avx512bw avx512vl xsaveopt xsavec xgetbv1 x saves cqm_llc cqm_occup_llc cqm_mbm_total cqm_mbm_local wbnoinvd dtherm ida arat pln pts avx512vbmi umip pku ospke avx512_vbm i2 gfni vaes vpclmulqdq avx512_vnni avx512_bitalg tme avx512_vpopcntdq rdpid md_clear pconfig flush_l1d arch_capabilities Linux dmidecode # # dmidecode 3.</description>
    </item>
    
    <item>
      <title>SuperMicro SapphireRapids</title>
      <link>https://csit.fd.io/cdocs/infrastructure/testbed_configuration/sm_spr_hw_bios_cfg/</link>
      <pubDate>Mon, 01 Jan 0001 00:00:00 +0000</pubDate>
      
      <guid>https://csit.fd.io/cdocs/infrastructure/testbed_configuration/sm_spr_hw_bios_cfg/</guid>
      <description>SuperMicro SapphireRapids # Linux lscpu # Architecture: x86_64 CPU op-mode(s): 32-bit, 64-bit Address sizes: 46 bits physical, 57 bits virtual Byte Order: Little Endian CPU(s): 128 On-line CPU(s) list: 0-127 Vendor ID: GenuineIntel Model name: Intel(R) Xeon(R) Platinum 8462Y+ CPU family: 6 Model: 143 Thread(s) per core: 2 Core(s) per socket: 32 Socket(s): 2 Stepping: 8 BogoMIPS: 5600.00 Flags: fpu vme de pse tsc msr pae mce cx8 apic sep mtrr pge mca cmov pat pse36 clflush dts acpi mmx fxsr sse sse2 ss ht tm pbe syscall nx pdpe1 gb rdtscp lm constant_tsc art arch_perfmon pebs bts rep_good nopl xtopology nonstop_tsc cpuid aperfmperf tsc_known_freq pni pclmulqdq dt es64 monitor ds_cpl vmx smx est tm2 ssse3 sdbg fma cx16 xtpr pdcm pcid dca sse4_1 sse4_2 x2apic movbe popcnt tsc_deadline_timer aes xsav e avx f16c rdrand lahf_lm abm 3dnowprefetch cpuid_fault epb cat_l3 cat_l2 cdp_l3 invpcid_single cdp_l2 ssbd mba ibrs ibpb stibp ibrs_enh anced tpr_shadow vnmi flexpriority ept vpid ept_ad fsgsbase tsc_adjust bmi1 avx2 smep bmi2 erms invpcid cqm rdt_a avx512f avx512dq rdsee d adx smap avx512ifma clflushopt clwb intel_pt avx512cd sha_ni avx512bw avx512vl xsaveopt xsavec xgetbv1 xsaves cqm_llc cqm_occup_llc cq m_mbm_total cqm_mbm_local split_lock_detect avx_vnni avx512_bf16 wbnoinvd dtherm arat pln pts hwp hwp_act_window hwp_epp hwp_pkg_req avx 512vbmi umip pku ospke waitpkg avx512_vbmi2 gfni vaes vpclmulqdq avx512_vnni avx512_bitalg tme avx512_vpopcntdq la57 rdpid bus_lock_dete ct cldemote movdiri movdir64b enqcmd fsrm md_clear serialize tsxldtrk pconfig arch_lbr amx_bf16 avx512_fp16 amx_tile amx_int8 flush_l1d arch_capabilities Virtualization features: Virtualization: VT-x Caches (sum of all): L1d: 3 MiB (64 instances) L1i: 2 MiB (64 instances) L2: 128 MiB (64 instances) L3: 120 MiB (2 instances) NUMA: NUMA node(s): 2 NUMA node0 CPU(s): 0-31,64-95 NUMA node1 CPU(s): 32-63,96-127 Vulnerabilities: Itlb multihit: Not affected L1tf: Not affected Mds: Not affected Meltdown: Not affected Mmio stale data: Not affected Retbleed: Not affected Spec store bypass: Mitigation; Speculative Store Bypass disabled via prctl and seccomp Spectre v1: Mitigation; usercopy/swapgs barriers and __user pointer sanitization Spectre v2: Mitigation; Enhanced IBRS, IBPB conditional, RSB filling Srbds: Not affected Tsx async abort: Not affected Linux dmidecode # # dmidecode 3.</description>
    </item>
    
    <item>
      <title>VPP API Flag Day Algorithms</title>
      <link>https://csit.fd.io/cdocs/introduction/automating_vpp_api_flag_day/</link>
      <pubDate>Mon, 01 Jan 0001 00:00:00 +0000</pubDate>
      
      <guid>https://csit.fd.io/cdocs/introduction/automating_vpp_api_flag_day/</guid>
      <description>VPP API Flag Day Algorithm # Abstract # This document describes the current solution to the problem of automating the detection of VPP API changes which are not backwards compatible with existing CSIT tests, by defining the &amp;ldquo;Flag Day&amp;rdquo; process of deploying a new set of CSIT tests which are compatible with the new version of the VPP API without causing a halt to the normal VPP/CSIT operational CI process.</description>
    </item>
    
  </channel>
</rss>
