<?xml version="1.0" encoding="utf-8" standalone="yes"?>
<rss version="2.0" xmlns:atom="http://www.w3.org/2005/Atom">
  <channel>
    <title>Methodology on CSIT-DOCS</title>
    <link>https://csit.fd.io/cdocs/methodology/</link>
    <description>Recent content in Methodology on CSIT-DOCS</description>
    <generator>Hugo -- gohugo.io</generator>
    <language>en-us</language><atom:link href="https://csit.fd.io/cdocs/methodology/index.xml" rel="self" type="application/rss+xml" />
    <item>
      <title>Terminology</title>
      <link>https://csit.fd.io/cdocs/methodology/terminology/</link>
      <pubDate>Mon, 01 Jan 0001 00:00:00 +0000</pubDate>
      
      <guid>https://csit.fd.io/cdocs/methodology/terminology/</guid>
      <description>Terminology # Frame size: size of an Ethernet Layer-2 frame on the wire, including any VLAN tags (dot1q, dot1ad) and Ethernet FCS, but excluding Ethernet preamble and inter-frame gap. Measured in Bytes. Packet size: same as frame size, both terms used interchangeably. Inner L2 size: for tunneled L2 frames only, size of an encapsulated Ethernet Layer-2 frame, preceded with tunnel header, and followed by tunnel trailer. Measured in Bytes. Inner IP size: for tunneled IP packets only, size of an encapsulated IPv4 or IPv6 packet, preceded with tunnel header, and followed by tunnel trailer.</description>
    </item>
    
    <item>
      <title>Per Thread Resources</title>
      <link>https://csit.fd.io/cdocs/methodology/per_thread_resources/</link>
      <pubDate>Mon, 01 Jan 0001 00:00:00 +0000</pubDate>
      
      <guid>https://csit.fd.io/cdocs/methodology/per_thread_resources/</guid>
      <description>Per Thread Resources # CSIT test framework is managing mapping of the following resources per thread:
Cores, physical cores (pcores) allocated as pairs of sibling logical cores (lcores) if server in HyperThreading/SMT mode, or as single lcores if server not in HyperThreading/SMT mode. Note that if server&amp;rsquo;s processors are running in HyperThreading/SMT mode sibling lcores are always used. Receive Queues (RxQ), packet receive queues allocated on each physical and logical interface tested.</description>
    </item>
    
    <item>
      <title>VPP Forwarding Modes</title>
      <link>https://csit.fd.io/cdocs/methodology/vpp_forwarding_modes/</link>
      <pubDate>Mon, 01 Jan 0001 00:00:00 +0000</pubDate>
      
      <guid>https://csit.fd.io/cdocs/methodology/vpp_forwarding_modes/</guid>
      <description>VPP Forwarding Modes # VPP is tested in a number of L2, IPv4 and IPv6 packet lookup and forwarding modes. Within each mode baseline and scale tests are executed, the latter with varying number of FIB entries.
L2 Ethernet Switching # VPP is tested in three L2 forwarding modes:
l2patch: L2 patch, the fastest point-to-point L2 path that loops packets between two interfaces without any Ethernet frame checks or lookups.</description>
    </item>
    
    <item>
      <title>TRex Traffic Generator</title>
      <link>https://csit.fd.io/cdocs/methodology/trex_traffic_generator/</link>
      <pubDate>Mon, 01 Jan 0001 00:00:00 +0000</pubDate>
      
      <guid>https://csit.fd.io/cdocs/methodology/trex_traffic_generator/</guid>
      <description>TRex Traffic Generator # Usage # TRex traffic generator is used for majority of CSIT performance tests. TRex is used in multiple types of performance tests, see Data Plane Throughtput for more detail.
Traffic modes # TRex is primarily used in two (mutually incompatible) modes.
Stateless mode # Sometimes abbreviated as STL. A mode with high performance, which is unable to react to incoming traffic. We use this mode whenever it is possible.</description>
    </item>
    
    <item>
      <title>DUT state considerations</title>
      <link>https://csit.fd.io/cdocs/methodology/dut_state_considerations/</link>
      <pubDate>Mon, 01 Jan 0001 00:00:00 +0000</pubDate>
      
      <guid>https://csit.fd.io/cdocs/methodology/dut_state_considerations/</guid>
      <description>DUT state considerations # This page discusses considerations for Device Under Test (DUT) state. DUTs such as VPP require configuration, to be provided before the aplication starts (via config files) or just after it starts (via API or CLI access).
During operation DUTs gather various telemetry data, depending on configuration. This internal state handling is part of normal operation, so any performance impact is included in the test results. Accessing telemetry data is additional load on DUT, so we are not doing that in main trial measurements that affect results, but we include separate trials specifically for gathering runtime telemetry.</description>
    </item>
    
    <item>
      <title>Network Address Translation</title>
      <link>https://csit.fd.io/cdocs/methodology/network_address_translation/</link>
      <pubDate>Mon, 01 Jan 0001 00:00:00 +0000</pubDate>
      
      <guid>https://csit.fd.io/cdocs/methodology/network_address_translation/</guid>
      <description>Network Address Translation # NAT44 Prefix Bindings # NAT44 prefix bindings should be representative to target applications, where a number of private IPv4 addresses from the range defined by RFC1918 is mapped to a smaller set of public IPv4 addresses from the public range.
Following quantities are used to describe inside to outside IP address and port bindings scenarios:
Inside-addresses, number of inside source addresses (representing inside hosts). Ports-per-inside-address, number of TCP/UDP source ports per inside source address.</description>
    </item>
    
    <item>
      <title>Packet Latency</title>
      <link>https://csit.fd.io/cdocs/methodology/packet_latency/</link>
      <pubDate>Mon, 01 Jan 0001 00:00:00 +0000</pubDate>
      
      <guid>https://csit.fd.io/cdocs/methodology/packet_latency/</guid>
      <description>Packet Latency # TRex Traffic Generator (TG) is used for measuring one-way latency in 2-Node and 3-Node physical testbed topologies. TRex integrates High Dynamic Range Histogram (HDRH) functionality and reports per packet latency distribution for latency streams sent in parallel to the main load packet streams.
Following methodology is used:
Only NDRPDR test type measures latency and only after NDR and PDR values are determined. Other test types do not involve latency streams.</description>
    </item>
    
    <item>
      <title>Packet Flow Ordering</title>
      <link>https://csit.fd.io/cdocs/methodology/packet_flow_ordering/</link>
      <pubDate>Mon, 01 Jan 0001 00:00:00 +0000</pubDate>
      
      <guid>https://csit.fd.io/cdocs/methodology/packet_flow_ordering/</guid>
      <description>Packet Flow Ordering # TRex Traffic Generator (TG) supports two main ways how to cover address space (on allowed ranges) in scale tests.
In most cases only one field value (e.g. IPv4 destination address) is altered, in some cases two fields (e.g. IPv4 destination address and UDP destination port) are altered.
Incremental Ordering # This case is simpler to implement and offers greater control.
When changing two fields, they can be incremented synchronously, or one after another.</description>
    </item>
    
    <item>
      <title>Tunnel Encapsulations</title>
      <link>https://csit.fd.io/cdocs/methodology/tunnel_encapsulations/</link>
      <pubDate>Mon, 01 Jan 0001 00:00:00 +0000</pubDate>
      
      <guid>https://csit.fd.io/cdocs/methodology/tunnel_encapsulations/</guid>
      <description>Tunnel Encapsulations # Tunnel encapsulations testing is grouped based on the type of outer header: IPv4 or IPv6.
IPv4 Tunnels # VPP is tested in the following IPv4 tunnel baseline configurations:
ip4vxlan-l2bdbase: VXLAN over IPv4 tunnels with L2 bridge-domain MAC switching. ip4vxlan-l2xcbase: VXLAN over IPv4 tunnels with L2 cross-connect. ip4lispip4-ip4base: LISP over IPv4 tunnels with IPv4 routing. ip4lispip6-ip6base: LISP over IPv4 tunnels with IPv6 routing. ip4gtpusw-ip4base: GTPU over IPv4 tunnels with IPv4 routing.</description>
    </item>
    
    <item>
      <title>Internet Protocol Security (IPsec)</title>
      <link>https://csit.fd.io/cdocs/methodology/internet_protocol_security_ipsec/</link>
      <pubDate>Mon, 01 Jan 0001 00:00:00 +0000</pubDate>
      
      <guid>https://csit.fd.io/cdocs/methodology/internet_protocol_security_ipsec/</guid>
      <description>Internet Protocol Security (IPsec) # VPP IPsec performance tests are executed for the following crypto plugins:
crypto_native, used for software based crypto leveraging CPU platform optimizations e.g. Intel&amp;rsquo;s AES-NI instruction set. crypto_ipsecmb, used for hardware based crypto with Intel QAT PCIe cards. IPsec with VPP Native SW Crypto # CSIT implements following IPsec test cases relying on VPP native crypto (crypto_native plugin):
VPP Crypto Engine ESP Encryption ESP Integrity Scale Tested crypto_native AES[128|256]-GCM GCM 1 to 60k tunnels crypto_native AES128-CBC SHA[256|512] 1 to 60k tunnels VPP IPsec with SW crypto are executed in both tunnel and policy modes, with tests running on 3-node testbeds: 3n-icx, 3n-tsh.</description>
    </item>
    
    <item>
      <title>Access Control Lists</title>
      <link>https://csit.fd.io/cdocs/methodology/access_control_lists/</link>
      <pubDate>Mon, 01 Jan 0001 00:00:00 +0000</pubDate>
      
      <guid>https://csit.fd.io/cdocs/methodology/access_control_lists/</guid>
      <description>Access Control Lists # VPP is tested in a number of data plane feature configurations across different forwarding modes. Following sections list features tested.
ACL Security-Groups # Both stateless and stateful access control lists (ACL), also known as security-groups, are supported by VPP.
Following ACL configurations are tested for MAC switching with L2 bridge-domains:
l2bdbasemaclrn-iacl{E}sl-{F}flows: Input stateless ACL, with {E} entries and {F} flows. l2bdbasemaclrn-oacl{E}sl-{F}flows: Output stateless ACL, with {E} entries and {F} flows.</description>
    </item>
    
    <item>
      <title>Multi-Core Speedup</title>
      <link>https://csit.fd.io/cdocs/methodology/multi_core_speedup/</link>
      <pubDate>Mon, 01 Jan 0001 00:00:00 +0000</pubDate>
      
      <guid>https://csit.fd.io/cdocs/methodology/multi_core_speedup/</guid>
      <description>Multi-Core Speedup # All performance tests are executed with single physical core and with multiple cores scenarios.
Intel Hyper-Threading (HT) # Intel Xeon processors used in FD.io CSIT can operate either in HT Disabled mode (single logical core per each physical core) or in HT Enabled mode (two logical cores per each physical core). HT setting is applied in BIOS and requires server SUT reload for it to take effect, making it impractical for continuous changes of HT mode of operation.</description>
    </item>
    
    <item>
      <title>Generic Segmentation Offload</title>
      <link>https://csit.fd.io/cdocs/methodology/generic_segmentation_offload/</link>
      <pubDate>Mon, 01 Jan 0001 00:00:00 +0000</pubDate>
      
      <guid>https://csit.fd.io/cdocs/methodology/generic_segmentation_offload/</guid>
      <description>Generic Segmentation Offload # Overview # Generic Segmentation Offload (GSO) reduces per-packet processing overhead by enabling applications to pass a multi-packet buffer to (v)NIC and process a smaller number of large packets (e.g. frame size of 64 KB), instead of processing higher numbers of small packets (e.g. frame size of 1500 B), thus reducing per-packet overhead.
GSO tests for VPP vhostuser and tapv2 interfaces. All tests cases use iPerf3 client and server applications running TCP/IP as a traffic generator.</description>
    </item>
    
    <item>
      <title>Reconfiguration Tests</title>
      <link>https://csit.fd.io/cdocs/methodology/reconfiguration_tests/</link>
      <pubDate>Mon, 01 Jan 0001 00:00:00 +0000</pubDate>
      
      <guid>https://csit.fd.io/cdocs/methodology/reconfiguration_tests/</guid>
      <description>Reconfiguration Tests # Overview # Reconf tests are designed to measure the impact of VPP re-configuration on data plane traffic. While VPP takes some measures against the traffic being entirely stopped for a prolonged time, the immediate forwarding rate varies during the re-configuration, as some configurations steps need the active dataplane worker threads to be stopped temporarily.
As the usual methods of measuring throughput need multiple trial measurements with somewhat long durations, and the re-configuration process can also be long, finding an offered load which would result in zero loss during the re-configuration process would be time-consuming.</description>
    </item>
    
    <item>
      <title>VPP Startup Settings</title>
      <link>https://csit.fd.io/cdocs/methodology/vpp_startup_settings/</link>
      <pubDate>Mon, 01 Jan 0001 00:00:00 +0000</pubDate>
      
      <guid>https://csit.fd.io/cdocs/methodology/vpp_startup_settings/</guid>
      <description>VPP Startup Settings # CSIT code manipulates a number of VPP settings in startup.conf for optimized performance. List of common settings applied to all tests and test dependent settings follows.
Common Settings # List of VPP startup.conf settings applied to all tests:
heap-size - set separately for ip4, ip6, stats, main depending on scale tested. no-tx-checksum-offload - disables UDP / TCP TX checksum offload in DPDK. Typically needed for use faster vector PMDs (together with no-multi-seg).</description>
    </item>
    
    <item>
      <title>VPP_Device Functional</title>
      <link>https://csit.fd.io/cdocs/methodology/vpp_device_functional/</link>
      <pubDate>Mon, 01 Jan 0001 00:00:00 +0000</pubDate>
      
      <guid>https://csit.fd.io/cdocs/methodology/vpp_device_functional/</guid>
      <description>VPP_Device Functional # Includes VPP_Device test environment for functional VPP device tests integrated into LFN CI/CD infrastructure. VPP_Device tests run on 1-Node testbeds (1n-skx, 1n-arm) and rely on Linux SRIOV Virtual Function (VF), dot1q VLAN tagging and external loopback cables to facilitate packet passing over external physical links. Initial focus is on few baseline tests. New device tests can be added by small edits to existing CSIT Performance (2-node) test.</description>
    </item>
    
    <item>
      <title>Suite Generation</title>
      <link>https://csit.fd.io/cdocs/methodology/suite_generation/</link>
      <pubDate>Mon, 01 Jan 0001 00:00:00 +0000</pubDate>
      
      <guid>https://csit.fd.io/cdocs/methodology/suite_generation/</guid>
      <description>Suite Generation # CSIT uses robot suite files to define tests. However, not all suite files available for Jenkins jobs (or manually started bootstrap scripts) are present in CSIT git repository. They are generated only when needed.
Autogen Library # There is a code generation layer implemented as Python library called &amp;ldquo;autogen&amp;rdquo;, called by various bash scripts.
It generates the full extent of CSIT suites, using the ones in git as templates.</description>
    </item>
    
    <item>
      <title>Telemetry</title>
      <link>https://csit.fd.io/cdocs/methodology/telemetry/</link>
      <pubDate>Mon, 01 Jan 0001 00:00:00 +0000</pubDate>
      
      <guid>https://csit.fd.io/cdocs/methodology/telemetry/</guid>
      <description>Telemetry # OpenMetrics specifies the de-facto standard for transmitting cloud-native metrics at scale, with support for both text representation and Protocol Buffers.
RFC # RFC2119 RFC5234 RFC8174 draft-richih-opsawg-openmetrics-00 Reference # OpenMetrics
Metric Types # Gauge Counter StateSet Info Histogram GaugeHistogram Summary Unknown Telemetry module in CSIT currently support only Gauge, Counter and Info.
Anatomy of CSIT telemetry implementation # Existing implementation consists of several measurment building blocks: the main measuring block running search algorithms (MLR, PLR, SOAK, MRR, &amp;hellip;), the latency measuring block and the several telemetry blocks with or without traffic running on a background.</description>
    </item>
    
    <item>
      <title>GENEVE</title>
      <link>https://csit.fd.io/cdocs/methodology/geneve/</link>
      <pubDate>Mon, 01 Jan 0001 00:00:00 +0000</pubDate>
      
      <guid>https://csit.fd.io/cdocs/methodology/geneve/</guid>
      <description>GENEVE # GENEVE Prefix Bindings # GENEVE prefix bindings should be representative to target applications, where a packet flows of particular set of IPv4 addresses (L3 underlay network) is routed via dedicated GENEVE interface by building an L2 overlay.
Private address ranges to be used in tests:
East hosts ip address range: 10.0.1.0 - 10.127.255.255 (10.0/9 prefix)
Total of 2^23 - 256 (8 388 352) of usable IPv4 addresses Usable in tests for up to 32 767 GENEVE tunnels (IPv4 underlay networks) West hosts ip address range: 10.</description>
    </item>
    
  </channel>
</rss>
