<?xml version="1.0" encoding="utf-8" standalone="yes"?>
<rss version="2.0" xmlns:atom="http://www.w3.org/2005/Atom">
  <channel>
    <title>Introduction on CSIT-DOCS</title>
    <link>https://csit.fd.io/cdocs/introduction/</link>
    <description>Recent content in Introduction on CSIT-DOCS</description>
    <generator>Hugo -- gohugo.io</generator>
    <language>en-us</language><atom:link href="https://csit.fd.io/cdocs/introduction/index.xml" rel="self" type="application/rss+xml" />
    <item>
      <title>Dashboard History</title>
      <link>https://csit.fd.io/cdocs/introduction/dashboard_history/</link>
      <pubDate>Mon, 01 Jan 0001 00:00:00 +0000</pubDate>
      
      <guid>https://csit.fd.io/cdocs/introduction/dashboard_history/</guid>
      <description>Dashboard History # FD.io CSIT 23.02 Dashboard History and per .[ww] revision changes are listed below.
.[ww] Revision Changes .10 Initial revision FD.io CSIT Revision follow CSIT-[yy][mm].[ww] numbering format, with version denoted by concatenation of two digit year [yy] and two digit month [mm], and maintenance revision identified by two digit calendar week number [ww].</description>
    </item>
    
    <item>
      <title>Test Scenarios Overview</title>
      <link>https://csit.fd.io/cdocs/introduction/test_scenarios_overview/</link>
      <pubDate>Mon, 01 Jan 0001 00:00:00 +0000</pubDate>
      
      <guid>https://csit.fd.io/cdocs/introduction/test_scenarios_overview/</guid>
      <description>Test Scenarios Overview # FD.io CSIT Dashboard includes multiple test scenarios of VPP centric applications, topologies and use cases. In addition it also covers baseline tests of DPDK sample applications. Tests are executed in physical (performance tests) and virtual environments (functional tests).
Brief overview of test scenarios covered in this documentation:
VPP Performance: VPP performance tests are executed in physical FD.io testbeds, focusing on VPP network data plane performance in NIC-to-NIC switching topologies.</description>
    </item>
    
    <item>
      <title>Design</title>
      <link>https://csit.fd.io/cdocs/introduction/design/</link>
      <pubDate>Mon, 01 Jan 0001 00:00:00 +0000</pubDate>
      
      <guid>https://csit.fd.io/cdocs/introduction/design/</guid>
      <description>Design # FD.io CSIT system design needs to meet continuously expanding requirements of FD.io projects including VPP, related sub-systems (e.g. plugin applications, DPDK drivers) and FD.io applications (e.g. DPDK applications), as well as growing number of compute platforms running those applications. With CSIT project scope and charter including both FD.io continuous testing AND performance trending/comparisons, those evolving requirements further amplify the need for CSIT framework modularity, flexibility and usability.</description>
    </item>
    
    <item>
      <title>Test Naming</title>
      <link>https://csit.fd.io/cdocs/introduction/test_naming/</link>
      <pubDate>Mon, 01 Jan 0001 00:00:00 +0000</pubDate>
      
      <guid>https://csit.fd.io/cdocs/introduction/test_naming/</guid>
      <description>Test Naming # Background # CSIT 23.02 follows a common structured naming convention for all performance and system functional tests, introduced in CSIT 17.01.
The naming should be intuitive for majority of the tests. Complete description of CSIT test naming convention is provided on CSIT test naming wiki page. Below few illustrative examples of the naming usage for test suites across CSIT performance, functional and Honeycomb management test areas.</description>
    </item>
    
    <item>
      <title>Test Tags Descriptions</title>
      <link>https://csit.fd.io/cdocs/introduction/test_tag_description/</link>
      <pubDate>Mon, 01 Jan 0001 00:00:00 +0000</pubDate>
      
      <guid>https://csit.fd.io/cdocs/introduction/test_tag_description/</guid>
      <description>Test Tags Descriptions # All CSIT test cases are labelled with Robot Framework tags used to allow for easy test case type identification, test case grouping and selection for execution. Following sections list currently used CSIT tags and their descriptions.
Testbed Topology Tags # 2_NODE_DOUBLE_LINK_TOPO
2 nodes connected in a circular topology with two links interconnecting the devices. 2_NODE_SINGLE_LINK_TOPO
2 nodes connected in a circular topology with at least one link interconnecting devices.</description>
    </item>
    
    <item>
      <title>Bash Code Style</title>
      <link>https://csit.fd.io/cdocs/introduction/bash_code_style/</link>
      <pubDate>Mon, 01 Jan 0001 00:00:00 +0000</pubDate>
      
      <guid>https://csit.fd.io/cdocs/introduction/bash_code_style/</guid>
      <description>The key words &amp;ldquo;MUST&amp;rdquo;, &amp;ldquo;MUST NOT&amp;rdquo;, &amp;ldquo;REQUIRED&amp;rdquo;, &amp;ldquo;SHALL&amp;rdquo;, &amp;ldquo;SHALL NOT&amp;rdquo;, &amp;ldquo;SHOULD&amp;rdquo;, &amp;ldquo;SHOULD NOT&amp;rdquo;, &amp;ldquo;RECOMMENDED&amp;rdquo;, &amp;ldquo;NOT RECOMMENDED&amp;rdquo;, &amp;ldquo;MAY&amp;rdquo;, and &amp;ldquo;OPTIONAL&amp;rdquo; in this document are to be interpreted as described in BCP 14 &amp;lt;https://tools.ietf.org/html/bcp14&amp;gt;_ [RFC2119] &amp;lt;https://tools.ietf.org/html/rfc2119&amp;gt;_ [RFC8174] &amp;lt;https://tools.ietf.org/html/rfc8174&amp;gt;_ when, and only when, they appear in all capitals, as shown here.
This document SHALL describe guidelines for writing reliable, maintainable, reusable and readable code for CSIT.
Proposed Style # File Types # Bash files SHOULD NOT be monolithic.</description>
    </item>
    
    <item>
      <title>CSIT Test Code Guidelines</title>
      <link>https://csit.fd.io/cdocs/introduction/test_code_guidelines/</link>
      <pubDate>Mon, 01 Jan 0001 00:00:00 +0000</pubDate>
      
      <guid>https://csit.fd.io/cdocs/introduction/test_code_guidelines/</guid>
      <description>CSIT Test Code Guidelines # The key words &amp;ldquo;MUST&amp;rdquo;, &amp;ldquo;MUST NOT&amp;rdquo;, &amp;ldquo;REQUIRED&amp;rdquo;, &amp;ldquo;SHALL&amp;rdquo;, &amp;ldquo;SHALL NOT&amp;rdquo;, &amp;ldquo;SHOULD&amp;rdquo;, &amp;ldquo;SHOULD NOT&amp;rdquo;, &amp;ldquo;RECOMMENDED&amp;rdquo;, &amp;ldquo;NOT RECOMMENDED&amp;rdquo;, &amp;ldquo;MAY&amp;rdquo;, and &amp;ldquo;OPTIONAL&amp;rdquo; in this document are to be interpreted as described in BCP 14, RFC2119, RFC8174 when, and only when, they appear in all capitals, as shown here.
This document SHALL describe guidelines for writing reliable, maintainable, reusable and readable code for CSIT.
RobotFramework test case files and resource files # General</description>
    </item>
    
    <item>
      <title>Git Branches in CSIT</title>
      <link>https://csit.fd.io/cdocs/introduction/branches/</link>
      <pubDate>Mon, 01 Jan 0001 00:00:00 +0000</pubDate>
      
      <guid>https://csit.fd.io/cdocs/introduction/branches/</guid>
      <description>Git Branches in CSIT # Overview # This document describes how to create and remove git branches in CSIT project.
To be able to perform everything described in this file, you must be logged in as a committer.
Operational Branches # For more information about operational branches see CSIT/Branching Strategy and CSIT/Jobs on fd.io wiki pages.
Note: The branch rls2009_lts is used here only as an example.
Pre-requisites # The last builds of weekly and semiweekly jobs must finish with status &amp;ldquo;Success&amp;rdquo;.</description>
    </item>
    
    <item>
      <title>Model Schema</title>
      <link>https://csit.fd.io/cdocs/introduction/model_schema/</link>
      <pubDate>Mon, 01 Jan 0001 00:00:00 +0000</pubDate>
      
      <guid>https://csit.fd.io/cdocs/introduction/model_schema/</guid>
      <description>Model Schema # This document describes what is currently implemented in CSIT, especially the export side (UTI), not import side (PAL).
Version # This document is valid for CSIT model version 1.4.0.
It is recommended to use semantic versioning: https://semver.org/ That means, if the new model misses a field present in the old model, bump the major version. If the new model adds a field not present in the old model, bump the minor version.</description>
    </item>
    
    <item>
      <title>Performance Triggers Design</title>
      <link>https://csit.fd.io/cdocs/introduction/perf_triggers_design/</link>
      <pubDate>Mon, 01 Jan 0001 00:00:00 +0000</pubDate>
      
      <guid>https://csit.fd.io/cdocs/introduction/perf_triggers_design/</guid>
      <description>Performance Triggers Design # Syntax trigger_keyword [{tag1} {tag2}AND{tag3} !{tag4} !{tag5}]
Inputs
trigger_keyword for vpp-* jobs: &amp;lsquo;perftest&amp;rsquo; trigger_keyword for csit-* jobs: &amp;lsquo;csit-perftest&amp;rsquo; tags: existing CSIT tags [4]_ i.e. ip4base, ip6base, iacldst, memif Set of default tags appended to user input, under control by CSIT
always-on for vpp-csit*.job: &amp;lsquo;mrr&amp;rsquo; &amp;rsquo;nic_intel_x710-da2&amp;rsquo; &amp;lsquo;1t1c&amp;rsquo; if input with no tags, following set applied: &amp;lsquo;mrrANDnic_intel-x710AND1t1cAND64bANDip4base&amp;rsquo; &amp;lsquo;mrrANDnic_intel-x710AND1t1cAND78bANDip6base&amp;rsquo; &amp;lsquo;mrrANDnic_intel-x710AND1t1cAND64bANDl2bdbase&amp;rsquo; Examples input: &amp;lsquo;perftest&amp;rsquo; expanded: &amp;lsquo;mrrANDnic_intel_x710-da2AND1t1cAND64bANDl2bdbase mrrANDnic_intel_x710-da2AND1t1cAND64bANDip4base mrrANDnic_intel_x710-da2AND1t1cAND78bANDip6base&amp;rsquo; input: &amp;lsquo;perftest l2bdbase l2xcbase&amp;rsquo; expanded: &amp;lsquo;mrrANDnic_intel_x710-da2ANDl2bdbase mrrANDnic_intel_x710-da2ANDl2xcbase&amp;rsquo; input: &amp;lsquo;perftest ip4base !</description>
    </item>
    
    <item>
      <title>Running CSIT locally in Vagrant</title>
      <link>https://csit.fd.io/cdocs/introduction/testing_in_vagrant/</link>
      <pubDate>Mon, 01 Jan 0001 00:00:00 +0000</pubDate>
      
      <guid>https://csit.fd.io/cdocs/introduction/testing_in_vagrant/</guid>
      <description>Running CSIT locally in Vagrant # Install prerequisites # Run all commands from command line.
Download and install virtualbox from official page. To verify the installation, run VBoxManage
on windows
&amp;quot;C:\Program Files\Oracle\VirtualBox\VBoxManage.exe&amp;quot; --version on nix
VBoxManage --version Tested version: 6.1.16r140961 Download and install latest vagrant from official page. To verify the installtion, run
vagrant -v Tested version: Vagrant 2.2.15 Install vagrant plugins::
vagrant plugin install vagrant-vbguest vagrant plugin install vagrant-cachier If you are behind a proxy, install proxyconf plugin and update proxy settings in Vagrantfile::</description>
    </item>
    
    <item>
      <title>VPP API Flag Day Algorithms</title>
      <link>https://csit.fd.io/cdocs/introduction/automating_vpp_api_flag_day/</link>
      <pubDate>Mon, 01 Jan 0001 00:00:00 +0000</pubDate>
      
      <guid>https://csit.fd.io/cdocs/introduction/automating_vpp_api_flag_day/</guid>
      <description>VPP API Flag Day Algorithm # Abstract # This document describes the current solution to the problem of automating the detection of VPP API changes which are not backwards compatible with existing CSIT tests, by defining the &amp;ldquo;Flag Day&amp;rdquo; process of deploying a new set of CSIT tests which are compatible with the new version of the VPP API without causing a halt to the normal VPP/CSIT operational CI process.</description>
    </item>
    
  </channel>
</rss>
