<?xml version="1.0" encoding="utf-8" standalone="yes"?>
<rss version="2.0" xmlns:atom="http://www.w3.org/2005/Atom">
  <channel>
    <title>Infrastructure on CSIT-DOCS</title>
    <link>https://csit.fd.io/cdocs/infrastructure/</link>
    <description>Recent content in Infrastructure on CSIT-DOCS</description>
    <generator>Hugo -- gohugo.io</generator>
    <language>en-us</language><atom:link href="https://csit.fd.io/cdocs/infrastructure/index.xml" rel="self" type="application/rss+xml" />
    <item>
      <title>FD.io DC Vexxhost Inventory</title>
      <link>https://csit.fd.io/cdocs/infrastructure/fdio_dc_vexxhost_inventory/</link>
      <pubDate>Mon, 01 Jan 0001 00:00:00 +0000</pubDate>
      
      <guid>https://csit.fd.io/cdocs/infrastructure/fdio_dc_vexxhost_inventory/</guid>
      <description>FD.io DC Vexxhost Inventory # Captured inventory data:
name: CSIT functional server name as tracked in CSIT testbed specification, followed by &amp;ldquo;/&amp;rdquo; and the actual configured hostname, unless it is the same as CSIT name. oper-status: operational status (up|down). testbed-id: CSIT testbed identifier. role: 2n/3n-xxx performance testbed, nomad-client, nomad-server. role exceptions: decommission, repurpose, spare. model: server model. s/n: serial number. mgmt-ip4: current management IPv4 address on management VLAN. ipmi-ip4: current IPMI IPv4 address on LOM VLAN.</description>
    </item>
    
    <item>
      <title>FD.io CSIT Testbed Specifications</title>
      <link>https://csit.fd.io/cdocs/infrastructure/fdio_csit_testbed_specifications/</link>
      <pubDate>Mon, 01 Jan 0001 00:00:00 +0000</pubDate>
      
      <guid>https://csit.fd.io/cdocs/infrastructure/fdio_csit_testbed_specifications/</guid>
      <description>FD.io CSIT Testbed Specifications # Purpose # This note includes specification of the physical testbed infrastructure hosted by LFN FD.io CSIT project.
Testbeds Overview # Summary List # #. Type Purpose SUT TG #TB #SUT #TG #skx #ps1 #rng #tx2 #tsh #alt #clx #zn2 #icx #snr #spr 1. 1-Node-Skylake nomad skx na 5 5 0 5 0 0 0 0 0 0 0 0 0 0 2. 1-Node-Cascadelake nomad clx na 1 1 0 0 0 0 0 0 0 1 0 0 0 0 3.</description>
    </item>
    
    <item>
      <title>FD.io CSIT Testbed Versioning</title>
      <link>https://csit.fd.io/cdocs/infrastructure/fdio_csit_testbed_versioning/</link>
      <pubDate>Mon, 01 Jan 0001 00:00:00 +0000</pubDate>
      
      <guid>https://csit.fd.io/cdocs/infrastructure/fdio_csit_testbed_versioning/</guid>
      <description>FD.io CSIT Testbed Versioning # CSIT test environment versioning has been introduced to track modifications of the test environment.
Any benchmark anomalies (progressions, regressions) between releases of a DUT application (e.g. VPP, DPDK), are determined by testing it in the same test environment, to avoid test environment changes clouding the picture. To beter distinguish impact of test environment changes, we also execute tests without any SUT (just with TRex TG sending packets over a link looping back to TG).</description>
    </item>
    
    <item>
      <title>FD.io CSIT Logical Topologies</title>
      <link>https://csit.fd.io/cdocs/infrastructure/fdio_csit_logical_topologies/</link>
      <pubDate>Mon, 01 Jan 0001 00:00:00 +0000</pubDate>
      
      <guid>https://csit.fd.io/cdocs/infrastructure/fdio_csit_logical_topologies/</guid>
      <description>FD.io CSIT Logical Topologies # CSIT VPP performance tests are executed on physical testbeds. Based on the packet path thru server SUTs, three distinct logical topology types are used for VPP DUT data plane testing:
NIC-to-NIC switching topologies. VM service switching topologies. Container service switching topologies. NIC-to-NIC Switching # The simplest logical topology for software data plane application like VPP is NIC-to-NIC switching. Tested topologies for 2-Node and 3-Node testbeds are shown in figures below.</description>
    </item>
    
  </channel>
</rss>
