<?xml version="1.0" encoding="utf-8" standalone="yes"?>
<rss version="2.0" xmlns:atom="http://www.w3.org/2005/Atom">
  <channel>
    <title>Root Cause Analysis on CSIT-DOCS</title>
    <link>https://csit.fd.io/cdocs/methodology/root_cause_analysis/</link>
    <description>Recent content in Root Cause Analysis on CSIT-DOCS</description>
    <generator>Hugo -- gohugo.io</generator>
    <language>en-us</language><atom:link href="https://csit.fd.io/cdocs/methodology/root_cause_analysis/index.xml" rel="self" type="application/rss+xml" />
    <item>
      <title>Per-patch performance tests</title>
      <link>https://csit.fd.io/cdocs/methodology/root_cause_analysis/perpatch_performance_tests/</link>
      <pubDate>Mon, 01 Jan 0001 00:00:00 +0000</pubDate>
      
      <guid>https://csit.fd.io/cdocs/methodology/root_cause_analysis/perpatch_performance_tests/</guid>
      <description>Per-patch performance tests # Updated for CSIT git commit id: 72b45cfe662107c8e1bb549df71ba51352a898ee.
A methodology similar to trending analysis is used for comparing performance before a DUT code change is merged. This can act as a verify job to disallow changes which would decrease performance without a good reason.
Existing jobs # VPP is the only project currently using such jobs. They are not started automatically, must be triggered on demand. They allow full tag expressions, but some tags are enforced (such as MRR).</description>
    </item>
    
  </channel>
</rss>
